Order ID,Customer ID,Restaurant ID,Order Date and Time,Delivery Date and Time,Order Value,Delivery Fee,Payment Method,Discounts and Offers,Commission Fee,Payment Processing Fee,Refunds/Chargebacks
1,C8270,R2924,2024-02-01 01:11:52,2024-02-01 02:39:52,1914,0,Credit Card,5% on App,150,47,0
2,C1860,R2054,2024-02-02 22:11:04,2024-02-02 22:46:04,986,40,Digital Wallet,10%,198,23,0
3,C6390,R2870,2024-01-31 05:54:35,2024-01-31 06:52:35,937,30,Cash on Delivery,15% New User,195,45,0
4,C6191,R2642,2024-01-16 22:52:49,2024-01-16 23:38:49,1463,50,Cash on Delivery,None,146,27,0
5,C6734,R2799,2024-01-29 01:19:30,2024-01-29 02:48:30,1992,30,Cash on Delivery,50 off Promo,130,50,0
6,C7265,R2777,2024-01-25 04:36:52,2024-01-25 05:27:52,439,20,Cash on Delivery,10%,92,27,150
7,C1466,R2457,2024-01-12 23:55:48,2024-01-13 00:48:48,303,30,Digital Wallet,5% on App,144,12,50
8,C5426,R2978,2024-01-26 22:46:24,2024-01-27 00:36:24,260,0,Credit Card,10%,55,19,0
9,C6578,R2877,2024-01-02 18:29:59,2024-01-02 20:23:59,1663,40,Cash on Delivery,5% on App,116,48,0
10,C9322,R2161,2024-01-05 00:50:19,2024-01-05 02:10:19,491,40,Digital Wallet,10%,189,10,0
11,C2685,R2379,2024-01-01 17:02:47,2024-01-01 18:21:47,868,0,Cash on Delivery,5% on App,149,36,0
12,C1769,R2992,2024-01-09 17:15:15,2024-01-09 17:55:15,1800,20,Credit Card,15% New User,61,36,0
13,C7949,R2086,2024-01-05 16:43:24,2024-01-05 18:08:24,674,0,Cash on Delivery,None,115,20,0
14,C3433,R2054,2024-02-04 18:48:54,2024-02-04 20:28:54,633,30,Digital Wallet,15% New User,51,14,50
15,C6311,R2475,2024-02-03 00:49:50,2024-02-03 02:00:50,1193,0,Credit Card,None,192,16,0
16,C6051,R2799,2024-01-15 20:46:22,2024-01-15 21:54:22,992,0,Digital Wallet,15% New User,200,28,0
17,C7420,R2177,2024-02-04 17:48:58,2024-02-04 19:26:58,504,20,Credit Card,15% New User,130,38,0
18,C2184,R2390,2024-01-13 15:41:54,2024-01-13 16:58:54,707,30,Credit Card,10%,184,24,0
19,C5555,R2348,2024-01-31 17:27:17,2024-01-31 18:53:17,1798,50,Credit Card,50 off Promo,191,44,0
20,C4385,R2007,2024-01-13 01:32:57,2024-01-13 02:22:57,1714,50,Cash on Delivery,5% on App,119,46,100
21,C7396,R2832,2024-01-27 14:44:44,2024-01-27 16:35:44,1640,40,Digital Wallet,5% on App,164,21,0
22,C9666,R2312,2024-01-05 10:18:49,2024-01-05 11:07:49,927,0,Digital Wallet,5% on App,137,39,0
23,C3558,R2758,2024-01-23 03:00:27,2024-01-23 03:44:27,1243,40,Digital Wallet,None,55,29,100
24,C8849,R2834,2024-02-07 16:46:21,2024-02-07 18:24:21,1937,20,Credit Card,5% on App,76,46,0
25,C3047,R2983,2024-01-13 08:46:32,2024-01-13 10:32:32,789,50,Cash on Delivery,5% on App,131,12,0
26,C3747,R2982,2024-01-12 02:35:44,2024-01-12 03:55:44,1811,0,Credit Card,10%,137,18,0
27,C1189,R2442,2024-01-11 16:36:20,2024-01-11 18:21:20,1001,20,Digital Wallet,15% New User,169,50,0
28,C3734,R2766,2024-02-03 04:14:11,2024-02-03 05:45:11,1340,20,Cash on Delivery,5% on App,73,48,100
29,C4005,R2327,2024-01-17 23:01:31,2024-01-18 00:55:31,155,0,Cash on Delivery,50 off Promo,151,35,0
30,C5658,R2053,2024-02-05 22:00:32,2024-02-05 23:06:32,465,20,Cash on Delivery,5% on App,83,11,0
31,C2899,R2760,2024-01-29 13:35:52,2024-01-29 14:10:52,1822,0,Digital Wallet,None,96,32,0
32,C8734,R2238,2024-01-03 11:19:27,2024-01-03 12:59:27,1627,0,Cash on Delivery,None,73,32,0
33,C2267,R2228,2024-02-01 04:04:35,2024-02-01 04:59:35,1867,30,Cash on Delivery,None,114,30,50
34,C2528,R2578,2024-01-23 11:40:11,2024-01-23 12:17:11,1890,40,Credit Card,5% on App,67,25,0
35,C4556,R2050,2024-01-27 18:35:36,2024-01-27 20:17:36,554,20,Credit Card,10%,93,18,0
36,C4890,R2608,2024-01-04 10:48:10,2024-01-04 11:21:10,203,20,Cash on Delivery,50 off Promo,125,22,0
37,C9838,R2603,2024-01-04 16:09:08,2024-01-04 16:59:08,176,30,Cash on Delivery,5% on App,106,37,0
38,C6393,R2263,2024-01-15 06:05:34,2024-01-15 07:05:34,329,30,Credit Card,10%,156,36,0
39,C9792,R2417,2024-02-05 17:18:28,2024-02-05 18:08:28,1381,30,Credit Card,10%,173,26,0
40,C9433,R2802,2024-01-16 08:24:43,2024-01-16 09:18:43,1387,50,Credit Card,5% on App,200,47,0
41,C8513,R2095,2024-01-02 01:38:44,2024-01-02 02:22:44,430,50,Digital Wallet,5% on App,188,45,150
42,C3612,R2087,2024-01-27 20:38:08,2024-01-27 21:42:08,1305,50,Digital Wallet,10%,165,10,0
43,C8041,R2077,2024-01-21 21:36:48,2024-01-21 22:54:48,992,0,Credit Card,10%,142,27,0
44,C7235,R2287,2024-01-16 06:49:27,2024-01-16 08:01:27,1891,20,Cash on Delivery,10%,91,18,0
45,C6486,R2119,2024-01-01 07:15:55,2024-01-01 08:25:55,1673,40,Credit Card,5% on App,77,22,100
46,C8099,R2813,2024-01-04 22:56:55,2024-01-05 00:02:55,787,0,Digital Wallet,10%,172,49,0
47,C1775,R2490,2024-01-20 13:22:35,2024-01-20 14:48:35,126,20,Cash on Delivery,None,73,24,150
48,C9226,R2911,2024-01-06 07:54:54,2024-01-06 09:05:54,1399,20,Digital Wallet,5% on App,185,13,0
49,C4152,R2451,2024-01-27 00:02:13,2024-01-27 01:18:13,1775,30,Cash on Delivery,None,155,42,50
50,C2585,R2499,2024-02-07 22:23:39,2024-02-07 23:53:39,398,30,Digital Wallet,15% New User,167,33,0
51,C4943,R2164,2024-01-30 09:41:16,2024-01-30 10:24:16,1056,0,Cash on Delivery,5% on App,102,45,0
52,C8555,R2181,2024-01-01 09:38:27,2024-01-01 11:15:27,898,30,Cash on Delivery,15% New User,181,50,0
53,C4073,R2468,2024-01-11 20:30:41,2024-01-11 21:52:41,1214,20,Cash on Delivery,10%,149,19,0
54,C2021,R2909,2024-01-19 03:17:33,2024-01-19 05:10:33,579,30,Cash on Delivery,10%,54,45,50
55,C4843,R2734,2024-01-23 04:22:25,2024-01-23 05:25:25,672,50,Digital Wallet,50 off Promo,98,29,0
56,C8989,R2822,2024-02-02 21:59:00,2024-02-02 23:44:00,557,30,Digital Wallet,10%,147,50,0
57,C7873,R2943,2024-01-05 02:08:19,2024-01-05 03:01:19,1574,20,Cash on Delivery,15% New User,79,20,0
58,C6675,R2977,2024-01-14 23:17:48,2024-01-15 00:06:48,464,0,Cash on Delivery,10%,121,21,0
59,C1161,R2006,2024-01-18 14:58:08,2024-01-18 16:36:08,958,40,Digital Wallet,5% on App,152,27,50
60,C5297,R2329,2024-01-02 23:15:02,2024-01-03 00:14:02,1798,30,Cash on Delivery,10%,112,39,100
61,C1995,R2774,2024-01-05 13:31:14,2024-01-05 15:28:14,450,20,Cash on Delivery,50 off Promo,75,46,0
62,C8629,R2672,2024-01-03 12:21:25,2024-01-03 12:57:25,1778,40,Cash on Delivery,10%,86,29,0
63,C2016,R2150,2024-01-17 01:16:20,2024-01-17 02:21:20,1523,40,Credit Card,15% New User,56,34,0
64,C8869,R2084,2024-01-14 23:34:12,2024-01-15 00:41:12,352,50,Cash on Delivery,15% New User,176,21,150
65,C7439,R2146,2024-02-03 01:19:54,2024-02-03 03:08:54,880,40,Credit Card,10%,141,30,0
66,C8892,R2623,2024-02-06 02:39:00,2024-02-06 04:00:00,902,20,Cash on Delivery,15% New User,152,34,100
67,C7863,R2380,2024-01-20 19:52:16,2024-01-20 20:36:16,1111,20,Digital Wallet,15% New User,102,20,50
68,C8916,R2914,2024-02-04 02:49:22,2024-02-04 04:04:22,558,30,Credit Card,50 off Promo,181,18,0
69,C9529,R2547,2024-01-28 16:48:13,2024-01-28 17:40:13,1822,30,Credit Card,5% on App,157,34,0
70,C1878,R2284,2024-02-05 04:31:07,2024-02-05 05:12:07,1016,30,Cash on Delivery,50 off Promo,161,44,0
71,C5887,R2699,2024-01-16 00:17:56,2024-01-16 01:30:56,598,40,Cash on Delivery,None,56,41,0
72,C5859,R2081,2024-01-21 03:03:13,2024-01-21 03:47:13,1049,40,Credit Card,50 off Promo,116,23,0
73,C7331,R2513,2024-01-14 16:01:27,2024-01-14 17:19:27,607,50,Digital Wallet,10%,157,10,50
74,C9571,R2896,2024-01-21 22:06:50,2024-01-21 22:56:50,1427,30,Digital Wallet,5% on App,160,26,0
75,C9684,R2814,2024-01-03 20:12:26,2024-01-03 20:56:26,600,0,Cash on Delivery,10%,197,34,0
76,C8208,R2708,2024-02-01 19:26:25,2024-02-01 20:09:25,902,50,Digital Wallet,None,132,17,150
77,C6276,R2915,2024-01-23 06:33:21,2024-01-23 07:44:21,697,0,Digital Wallet,5% on App,173,14,0
78,C3062,R2522,2024-01-22 22:43:40,2024-01-23 00:32:40,265,40,Cash on Delivery,15% New User,188,14,0
79,C1064,R2745,2024-02-06 07:52:24,2024-02-06 08:36:24,1538,50,Digital Wallet,50 off Promo,153,50,0
80,C9006,R2385,2024-01-02 16:41:10,2024-01-02 18:13:10,561,50,Cash on Delivery,10%,116,44,150
81,C3568,R2706,2024-02-01 17:31:10,2024-02-01 19:08:10,1019,20,Credit Card,None,56,28,150
82,C6463,R2470,2024-01-16 19:47:03,2024-01-16 20:43:03,213,40,Cash on Delivery,15% New User,200,32,0
83,C3027,R2118,2024-01-13 05:05:46,2024-01-13 07:01:46,1556,40,Credit Card,50 off Promo,159,18,0
84,C3695,R2395,2024-01-29 02:28:01,2024-01-29 03:50:01,1091,50,Credit Card,15% New User,83,39,0
85,C6258,R2531,2024-01-01 21:59:01,2024-01-01 23:20:01,1479,40,Digital Wallet,50 off Promo,155,25,0
86,C6618,R2260,2024-01-01 03:21:55,2024-01-01 04:53:55,1818,50,Digital Wallet,5% on App,196,42,0
87,C7736,R2804,2024-02-06 20:39:50,2024-02-06 22:21:50,306,20,Digital Wallet,15% New User,107,11,100
88,C1391,R2933,2024-02-03 15:21:35,2024-02-03 16:43:35,1891,50,Cash on Delivery,15% New User,58,23,0
89,C6892,R2255,2024-01-16 13:07:56,2024-01-16 14:33:56,1358,40,Digital Wallet,15% New User,97,10,0
90,C4561,R2733,2024-01-29 19:00:31,2024-01-29 20:21:31,1565,40,Credit Card,5% on App,164,35,0
91,C7184,R2904,2024-01-19 05:27:13,2024-01-19 06:39:13,1478,50,Digital Wallet,None,90,34,0
92,C4099,R2225,2024-02-03 21:08:57,2024-02-03 21:44:57,614,50,Digital Wallet,50 off Promo,97,25,150
93,C7278,R2052,2024-01-24 17:08:11,2024-01-24 18:19:11,1331,50,Cash on Delivery,15% New User,74,24,50
94,C9392,R2939,2024-01-29 21:00:38,2024-01-29 21:33:38,808,30,Cash on Delivery,5% on App,165,35,0
95,C4104,R2866,2024-01-14 13:07:19,2024-01-14 14:45:19,1976,40,Credit Card,None,127,25,50
96,C8215,R2499,2024-01-10 05:17:37,2024-01-10 05:51:37,1248,40,Cash on Delivery,50 off Promo,157,23,0
97,C3454,R2505,2024-01-08 11:48:16,2024-01-08 13:32:16,237,30,Digital Wallet,5% on App,74,38,0
98,C9996,R2853,2024-01-18 22:21:42,2024-01-19 00:10:42,438,50,Cash on Delivery,50 off Promo,196,33,0
99,C3731,R2363,2024-02-06 03:29:11,2024-02-06 04:39:11,636,20,Credit Card,15% New User,88,24,0
100,C9154,R2279,2024-01-20 10:18:07,2024-01-20 10:51:07,167,50,Digital Wallet,None,168,28,0
101,C6056,R2592,2024-01-10 06:15:01,2024-01-10 06:46:01,1696,50,Credit Card,5% on App,128,17,0
102,C9110,R2713,2024-01-23 16:16:46,2024-01-23 17:52:46,1664,30,Cash on Delivery,None,129,43,0
103,C4840,R2157,2024-01-20 11:39:01,2024-01-20 12:29:01,482,40,Cash on Delivery,15% New User,76,11,0
104,C2028,R2631,2024-01-22 01:30:22,2024-01-22 03:09:22,118,50,Credit Card,None,153,36,0
105,C8385,R2058,2024-01-13 02:04:17,2024-01-13 03:16:17,782,40,Digital Wallet,None,123,19,0
106,C1502,R2726,2024-01-25 19:57:52,2024-01-25 21:48:52,1573,0,Cash on Delivery,10%,117,44,0
107,C7910,R2127,2024-01-12 04:01:58,2024-01-12 05:39:58,173,40,Cash on Delivery,None,196,32,50
108,C7938,R2735,2024-01-06 17:59:18,2024-01-06 18:37:18,672,20,Digital Wallet,50 off Promo,77,17,0
109,C5488,R2720,2024-01-14 20:00:25,2024-01-14 21:53:25,1038,20,Cash on Delivery,5% on App,172,37,100
110,C1206,R2881,2024-01-14 14:05:30,2024-01-14 15:02:30,1788,50,Credit Card,10%,187,32,0
111,C6134,R2114,2024-02-01 08:37:29,2024-02-01 09:32:29,1399,40,Cash on Delivery,5% on App,132,13,150
112,C6977,R2208,2024-01-06 04:37:05,2024-01-06 06:28:05,1171,50,Cash on Delivery,5% on App,79,23,0
113,C8721,R2525,2024-01-01 07:57:05,2024-01-01 09:49:05,310,30,Digital Wallet,15% New User,71,38,0
114,C8035,R2520,2024-02-02 19:05:52,2024-02-02 19:37:52,954,20,Credit Card,15% New User,52,10,0
115,C2484,R2551,2024-02-06 19:56:55,2024-02-06 21:38:55,750,50,Digital Wallet,10%,150,13,0
116,C8858,R2961,2024-01-18 10:47:10,2024-01-18 12:05:10,1745,30,Cash on Delivery,15% New User,154,41,0
117,C1863,R2236,2024-01-15 18:37:27,2024-01-15 19:23:27,1093,50,Cash on Delivery,15% New User,51,42,0
118,C3790,R2280,2024-01-06 15:33:31,2024-01-06 17:05:31,794,40,Digital Wallet,15% New User,103,35,0
119,C8408,R2358,2024-01-15 03:34:31,2024-01-15 04:58:31,639,40,Digital Wallet,5% on App,55,26,50
120,C9755,R2200,2024-01-30 06:06:16,2024-01-30 06:58:16,1832,40,Digital Wallet,10%,156,48,100
121,C6116,R2757,2024-01-04 15:50:05,2024-01-04 16:53:05,1314,40,Credit Card,5% on App,172,32,50
122,C7019,R2277,2024-02-05 05:55:15,2024-02-05 07:33:15,1438,0,Cash on Delivery,50 off Promo,51,41,0
123,C2757,R2234,2024-02-06 09:28:00,2024-02-06 10:12:00,1000,30,Digital Wallet,5% on App,160,24,0
124,C8574,R2493,2024-01-02 04:09:36,2024-01-02 05:25:36,1686,30,Cash on Delivery,50 off Promo,51,22,0
125,C7374,R2003,2024-01-23 03:42:22,2024-01-23 04:14:22,1784,40,Credit Card,None,142,11,150
126,C7892,R2665,2024-02-03 22:03:59,2024-02-03 23:55:59,879,0,Credit Card,None,150,28,0
127,C2678,R2441,2024-02-03 03:46:21,2024-02-03 04:43:21,1685,40,Credit Card,50 off Promo,146,33,0
128,C4242,R2028,2024-01-16 09:30:28,2024-01-16 10:02:28,1881,0,Credit Card,50 off Promo,160,33,100
129,C5636,R2108,2024-01-02 19:54:16,2024-01-02 20:27:16,1236,40,Cash on Delivery,5% on App,55,20,0
130,C2059,R2609,2024-01-08 08:14:17,2024-01-08 10:11:17,269,20,Credit Card,50 off Promo,176,31,0
131,C7668,R2726,2024-01-31 18:11:39,2024-01-31 19:11:39,1591,20,Credit Card,10%,153,24,50
132,C4157,R2804,2024-01-06 08:33:05,2024-01-06 09:47:05,1801,50,Digital Wallet,None,196,19,150
133,C6915,R2074,2024-01-20 09:37:53,2024-01-20 11:05:53,1137,40,Credit Card,None,50,50,150
134,C3693,R2837,2024-01-23 22:52:47,2024-01-24 00:06:47,1838,30,Digital Wallet,50 off Promo,82,36,0
135,C4627,R2145,2024-01-18 22:03:49,2024-01-18 23:47:49,387,50,Credit Card,15% New User,89,18,100
136,C6450,R2127,2024-02-06 05:25:18,2024-02-06 06:31:18,288,20,Credit Card,15% New User,81,37,100
137,C2663,R2852,2024-01-31 09:45:44,2024-01-31 11:19:44,1013,40,Digital Wallet,50 off Promo,66,10,0
138,C6592,R2041,2024-01-12 07:41:20,2024-01-12 08:19:20,1278,50,Credit Card,10%,175,26,50
139,C8392,R2355,2024-02-02 16:58:16,2024-02-02 17:44:16,1690,40,Cash on Delivery,15% New User,57,40,0
140,C2306,R2040,2024-01-09 14:14:48,2024-01-09 15:48:48,793,20,Cash on Delivery,50 off Promo,106,19,100
141,C7776,R2933,2024-02-01 15:05:19,2024-02-01 15:37:19,1845,50,Credit Card,10%,91,46,0
142,C6864,R2033,2024-01-24 14:15:40,2024-01-24 15:10:40,987,20,Cash on Delivery,10%,147,38,0
143,C8526,R2016,2024-01-08 21:36:08,2024-01-08 22:58:08,570,0,Digital Wallet,5% on App,186,27,0
144,C9901,R2676,2024-02-01 17:05:56,2024-02-01 18:05:56,1198,20,Credit Card,10%,169,47,50
145,C6575,R2152,2024-01-31 07:46:20,2024-01-31 08:41:20,376,40,Credit Card,15% New User,136,48,0
146,C6530,R2997,2024-01-30 19:25:18,2024-01-30 20:17:18,1039,30,Digital Wallet,15% New User,103,15,0
147,C5413,R2377,2024-01-09 08:23:04,2024-01-09 09:22:04,1768,20,Digital Wallet,50 off Promo,133,49,0
148,C4748,R2587,2024-02-05 08:28:58,2024-02-05 09:07:58,1466,30,Digital Wallet,50 off Promo,74,21,150
149,C1663,R2598,2024-01-30 02:58:11,2024-01-30 04:39:11,1548,0,Credit Card,10%,116,23,0
150,C2998,R2628,2024-01-07 00:22:57,2024-01-07 02:20:57,670,50,Digital Wallet,None,95,19,50
151,C8994,R2873,2024-01-27 23:08:21,2024-01-28 00:41:21,1634,50,Digital Wallet,5% on App,71,29,0
152,C2495,R2341,2024-01-30 21:15:17,2024-01-30 22:06:17,956,30,Cash on Delivery,None,188,24,0
153,C4304,R2980,2024-02-03 10:08:18,2024-02-03 10:52:18,1100,50,Cash on Delivery,10%,57,40,0
154,C4763,R2026,2024-01-12 08:54:29,2024-01-12 10:19:29,1305,20,Credit Card,10%,88,16,0
155,C6232,R2824,2024-01-01 10:05:21,2024-01-01 11:48:21,557,30,Cash on Delivery,None,98,50,0
156,C2853,R2286,2024-01-29 03:43:13,2024-01-29 04:32:13,1017,40,Cash on Delivery,5% on App,95,19,0
157,C7585,R2645,2024-01-02 19:28:18,2024-01-02 20:44:18,1974,20,Digital Wallet,None,87,19,0
158,C2291,R2730,2024-02-06 14:45:00,2024-02-06 16:41:00,932,20,Digital Wallet,50 off Promo,185,48,0
159,C4581,R2167,2024-01-23 10:32:42,2024-01-23 11:54:42,1187,20,Cash on Delivery,15% New User,103,37,50
160,C8554,R2609,2024-02-03 10:01:36,2024-02-03 11:23:36,938,40,Cash on Delivery,50 off Promo,141,39,0
161,C8280,R2267,2024-01-05 13:36:23,2024-01-05 14:06:23,1383,0,Cash on Delivery,15% New User,89,46,0
162,C2636,R2748,2024-01-28 00:45:41,2024-01-28 01:16:41,292,50,Credit Card,10%,83,12,0
163,C4696,R2820,2024-02-01 16:09:42,2024-02-01 17:36:42,1778,30,Credit Card,5% on App,145,24,100
164,C1698,R2454,2024-01-13 17:41:40,2024-01-13 18:29:40,715,0,Credit Card,None,128,30,150
165,C5737,R2905,2024-01-19 05:56:30,2024-01-19 07:27:30,505,30,Cash on Delivery,5% on App,176,46,100
166,C1854,R2684,2024-01-17 04:51:12,2024-01-17 06:38:12,1849,50,Cash on Delivery,None,66,21,0
167,C9164,R2400,2024-01-13 10:58:19,2024-01-13 12:39:19,1877,40,Credit Card,50 off Promo,159,13,0
168,C6855,R2921,2024-01-23 16:59:37,2024-01-23 17:40:37,1042,20,Credit Card,50 off Promo,101,18,0
169,C8392,R2980,2024-02-03 01:13:42,2024-02-03 02:08:42,820,20,Cash on Delivery,None,167,48,0
170,C7528,R2475,2024-01-08 16:34:28,2024-01-08 17:30:28,192,40,Digital Wallet,5% on App,58,37,0
171,C6249,R2701,2024-01-27 16:32:18,2024-01-27 17:30:18,529,0,Credit Card,None,82,32,150
172,C6172,R2633,2024-02-02 05:17:16,2024-02-02 06:01:16,753,0,Cash on Delivery,10%,162,49,0
173,C2707,R2557,2024-01-23 10:35:04,2024-01-23 11:50:04,1557,30,Cash on Delivery,50 off Promo,198,31,0
174,C6791,R2575,2024-01-12 21:40:00,2024-01-12 22:10:00,1527,40,Digital Wallet,10%,134,33,0
175,C6535,R2129,2024-01-11 04:28:32,2024-01-11 05:57:32,533,0,Cash on Delivery,50 off Promo,59,35,50
176,C5931,R2821,2024-01-05 03:38:10,2024-01-05 05:04:10,1235,40,Cash on Delivery,50 off Promo,55,39,150
177,C4510,R2362,2024-02-05 03:38:19,2024-02-05 04:10:19,474,50,Credit Card,15% New User,164,42,0
178,C1202,R2704,2024-01-01 22:12:53,2024-01-01 22:59:53,1182,20,Credit Card,10%,170,25,0
179,C5218,R2818,2024-01-08 08:08:42,2024-01-08 09:29:42,1166,20,Digital Wallet,10%,190,31,0
180,C9958,R2692,2024-01-24 15:27:03,2024-01-24 16:56:03,306,20,Digital Wallet,15% New User,114,27,0
181,C5389,R2291,2024-01-13 03:09:33,2024-01-13 04:12:33,879,40,Cash on Delivery,5% on App,69,16,0
182,C3327,R2370,2024-01-18 09:13:45,2024-01-18 11:11:45,1419,40,Credit Card,10%,106,35,0
183,C9004,R2793,2024-01-28 14:27:13,2024-01-28 15:56:13,1241,30,Digital Wallet,None,95,17,0
184,C3931,R2028,2024-01-30 23:54:21,2024-01-31 00:49:21,631,20,Digital Wallet,15% New User,185,15,50
185,C8777,R2148,2024-01-23 03:16:24,2024-01-23 04:57:24,1345,30,Digital Wallet,10%,59,39,0
186,C1197,R2778,2024-01-19 11:11:16,2024-01-19 11:59:16,265,20,Cash on Delivery,5% on App,162,48,0
187,C8125,R2295,2024-01-03 14:30:49,2024-01-03 15:21:49,742,30,Credit Card,10%,188,32,0
188,C2930,R2010,2024-01-16 05:53:11,2024-01-16 06:55:11,1279,30,Digital Wallet,50 off Promo,61,41,100
189,C7287,R2511,2024-01-27 04:50:55,2024-01-27 05:57:55,1307,50,Credit Card,None,187,31,0
190,C9800,R2675,2024-01-25 05:48:49,2024-01-25 06:52:49,189,30,Digital Wallet,15% New User,60,18,0
191,C5282,R2112,2024-02-03 02:51:49,2024-02-03 04:27:49,1217,40,Digital Wallet,50 off Promo,167,40,0
192,C3511,R2186,2024-01-09 15:36:59,2024-01-09 17:28:59,112,30,Credit Card,5% on App,88,16,0
193,C1659,R2806,2024-01-13 11:58:44,2024-01-13 12:37:44,1072,20,Credit Card,50 off Promo,102,18,0
194,C3811,R2743,2024-01-15 09:39:40,2024-01-15 10:23:40,1957,30,Credit Card,50 off Promo,105,22,0
195,C8098,R2226,2024-01-22 06:03:05,2024-01-22 06:43:05,904,0,Cash on Delivery,5% on App,153,12,0
196,C7546,R2309,2024-01-26 20:16:24,2024-01-26 22:15:24,1044,20,Digital Wallet,50 off Promo,178,44,0
197,C2986,R2097,2024-01-16 13:11:39,2024-01-16 14:04:39,841,0,Cash on Delivery,15% New User,105,42,50
198,C9338,R2054,2024-01-28 13:22:12,2024-01-28 15:08:12,1957,20,Credit Card,10%,167,30,0
199,C3911,R2622,2024-01-20 03:39:13,2024-01-20 04:12:13,1927,40,Digital Wallet,50 off Promo,181,40,0
200,C2734,R2663,2024-01-13 18:08:47,2024-01-13 18:50:47,1561,40,Cash on Delivery,15% New User,79,43,150
201,C2843,R2757,2024-01-05 16:26:12,2024-01-05 18:08:12,1661,40,Digital Wallet,10%,61,41,0
202,C9680,R2405,2024-01-20 20:31:39,2024-01-20 21:57:39,1710,0,Cash on Delivery,10%,84,44,0
203,C3976,R2068,2024-01-07 14:38:27,2024-01-07 15:44:27,975,50,Credit Card,50 off Promo,126,24,150
204,C2959,R2311,2024-01-25 00:30:06,2024-01-25 01:47:06,1934,20,Cash on Delivery,15% New User,151,41,0
205,C6759,R2288,2024-01-12 16:09:19,2024-01-12 17:49:19,1273,40,Digital Wallet,50 off Promo,136,15,0
206,C7694,R2761,2024-01-30 03:15:34,2024-01-30 03:45:34,759,20,Digital Wallet,5% on App,101,30,0
207,C3385,R2547,2024-01-25 03:30:13,2024-01-25 04:59:13,1131,0,Digital Wallet,10%,129,42,0
208,C5736,R2750,2024-01-18 09:08:01,2024-01-18 09:49:01,1152,50,Digital Wallet,50 off Promo,184,41,0
209,C2802,R2147,2024-02-02 04:04:59,2024-02-02 04:54:59,395,0,Credit Card,10%,71,28,50
210,C9155,R2466,2024-01-23 03:35:22,2024-01-23 04:15:22,1085,20,Cash on Delivery,15% New User,124,42,100
211,C9120,R2738,2024-02-06 02:32:10,2024-02-06 03:45:10,1025,50,Credit Card,None,107,37,0
212,C7616,R2243,2024-02-02 12:47:40,2024-02-02 14:14:40,1844,50,Credit Card,50 off Promo,142,40,150
213,C6534,R2490,2024-01-07 08:28:04,2024-01-07 09:41:04,739,0,Credit Card,50 off Promo,152,30,0
214,C5061,R2848,2024-01-24 03:20:54,2024-01-24 05:07:54,439,40,Digital Wallet,10%,189,43,0
215,C1262,R2957,2024-01-10 20:15:38,2024-01-10 21:18:38,727,20,Digital Wallet,15% New User,56,24,0
216,C7287,R2506,2024-02-06 03:16:06,2024-02-06 04:10:06,538,30,Digital Wallet,5% on App,177,23,0
217,C9815,R2364,2024-01-12 10:17:51,2024-01-12 10:50:51,1267,30,Cash on Delivery,15% New User,104,28,0
218,C3049,R2481,2024-01-01 16:26:22,2024-01-01 17:59:22,1041,0,Digital Wallet,50 off Promo,155,24,0
219,C6423,R2200,2024-01-29 07:34:19,2024-01-29 09:33:19,929,20,Cash on Delivery,5% on App,111,15,0
220,C5548,R2153,2024-01-28 18:16:46,2024-01-28 19:01:46,1870,20,Digital Wallet,15% New User,139,18,0
221,C4108,R2449,2024-01-16 19:40:08,2024-01-16 20:19:08,618,0,Digital Wallet,None,147,46,0
222,C8158,R2500,2024-01-20 16:41:07,2024-01-20 18:16:07,1075,20,Credit Card,10%,126,29,0
223,C8400,R2072,2024-01-14 18:09:14,2024-01-14 19:13:14,1168,40,Credit Card,15% New User,168,43,0
224,C4170,R2712,2024-01-10 12:42:26,2024-01-10 14:34:26,1054,0,Credit Card,15% New User,85,47,0
225,C3255,R2295,2024-02-04 15:38:54,2024-02-04 16:13:54,1362,40,Cash on Delivery,None,138,35,0
226,C2154,R2016,2024-02-03 04:29:00,2024-02-03 05:17:00,1051,20,Cash on Delivery,50 off Promo,194,27,150
227,C5499,R2640,2024-01-03 23:48:37,2024-01-04 01:16:37,1043,0,Digital Wallet,10%,179,37,0
228,C7295,R2216,2024-01-12 01:19:14,2024-01-12 02:41:14,254,20,Cash on Delivery,15% New User,190,18,0
229,C7197,R2060,2024-01-16 16:58:53,2024-01-16 17:35:53,1304,0,Digital Wallet,5% on App,142,41,0
230,C2648,R2938,2024-01-26 20:37:16,2024-01-26 22:24:16,1338,20,Cash on Delivery,15% New User,163,15,0
231,C6539,R2615,2024-01-09 03:57:55,2024-01-09 04:36:55,187,40,Cash on Delivery,10%,77,23,0
232,C5199,R2041,2024-02-01 00:12:36,2024-02-01 01:48:36,1379,40,Cash on Delivery,15% New User,192,37,0
233,C9445,R2024,2024-02-04 11:02:11,2024-02-04 12:09:11,1634,20,Credit Card,None,82,33,0
234,C3557,R2038,2024-01-09 15:46:53,2024-01-09 16:44:53,1196,0,Cash on Delivery,15% New User,69,22,0
235,C6592,R2802,2024-02-02 06:41:30,2024-02-02 07:25:30,1030,30,Credit Card,15% New User,189,21,0
236,C1098,R2130,2024-01-15 11:47:58,2024-01-15 13:43:58,278,40,Credit Card,5% on App,150,28,0
237,C3200,R2497,2024-01-02 16:08:59,2024-01-02 17:00:59,311,40,Cash on Delivery,None,72,30,0
238,C3961,R2228,2024-01-05 21:50:26,2024-01-05 23:41:26,1928,30,Digital Wallet,None,161,36,0
239,C5973,R2107,2024-02-07 19:42:07,2024-02-07 20:57:07,1357,20,Digital Wallet,15% New User,63,28,0
240,C5433,R2171,2024-02-07 17:42:01,2024-02-07 19:34:01,564,0,Digital Wallet,5% on App,140,33,0
241,C3869,R2434,2024-01-17 10:08:17,2024-01-17 11:05:17,1874,20,Cash on Delivery,15% New User,126,35,0
242,C1956,R2477,2024-01-25 09:57:21,2024-01-25 10:52:21,1346,50,Digital Wallet,15% New User,134,37,100
243,C9352,R2101,2024-01-09 02:32:16,2024-01-09 03:11:16,730,40,Credit Card,10%,158,27,0
244,C6699,R2865,2024-01-09 02:09:16,2024-01-09 03:25:16,924,50,Digital Wallet,10%,80,45,50
245,C7944,R2523,2024-01-24 00:34:11,2024-01-24 01:07:11,1387,40,Cash on Delivery,5% on App,171,38,50
246,C5493,R2274,2024-01-01 23:59:25,2024-01-02 01:23:25,1330,40,Digital Wallet,50 off Promo,156,26,0
247,C5911,R2612,2024-01-25 02:58:18,2024-01-25 04:33:18,706,50,Credit Card,10%,103,13,0
248,C4987,R2043,2024-01-09 17:42:30,2024-01-09 19:18:30,984,50,Cash on Delivery,50 off Promo,182,38,0
249,C7015,R2954,2024-01-23 13:23:42,2024-01-23 13:59:42,1857,20,Digital Wallet,None,190,13,0
250,C2218,R2816,2024-01-03 00:40:11,2024-01-03 02:04:11,465,50,Cash on Delivery,10%,92,19,100
251,C5496,R2956,2024-02-07 05:58:36,2024-02-07 07:47:36,375,20,Cash on Delivery,10%,138,34,0
252,C5735,R2016,2024-01-01 17:40:46,2024-01-01 18:40:46,479,20,Cash on Delivery,5% on App,164,40,0
253,C5555,R2329,2024-01-04 01:49:58,2024-01-04 03:32:58,1866,20,Digital Wallet,50 off Promo,148,12,0
254,C9050,R2568,2024-01-18 17:13:34,2024-01-18 18:01:34,1432,40,Cash on Delivery,10%,96,11,0
255,C4446,R2822,2024-01-22 10:55:51,2024-01-22 11:52:51,1754,40,Digital Wallet,10%,120,34,0
256,C2045,R2496,2024-01-22 19:09:36,2024-01-22 20:59:36,1391,50,Credit Card,5% on App,116,15,0
257,C7893,R2814,2024-02-02 17:11:24,2024-02-02 18:08:24,1044,40,Digital Wallet,5% on App,111,35,100
258,C2693,R2011,2024-02-04 23:11:37,2024-02-04 23:59:37,1908,50,Credit Card,50 off Promo,158,17,0
259,C4436,R2317,2024-02-07 19:04:23,2024-02-07 21:00:23,1187,40,Digital Wallet,None,86,44,0
260,C9754,R2591,2024-01-02 19:14:43,2024-01-02 20:03:43,909,0,Cash on Delivery,None,168,36,0
261,C6895,R2215,2024-02-04 18:17:55,2024-02-04 18:59:55,1473,0,Digital Wallet,15% New User,135,34,0
262,C4354,R2338,2024-01-08 07:37:39,2024-01-08 09:23:39,1024,50,Cash on Delivery,10%,175,27,0
263,C1225,R2775,2024-01-07 05:00:37,2024-01-07 06:12:37,593,40,Credit Card,50 off Promo,185,10,0
264,C5893,R2990,2024-01-17 07:53:42,2024-01-17 08:33:42,1646,40,Digital Wallet,10%,101,48,150
265,C8022,R2660,2024-01-16 20:31:49,2024-01-16 21:48:49,1221,20,Cash on Delivery,50 off Promo,140,12,100
266,C6600,R2080,2024-01-21 23:17:20,2024-01-22 00:01:20,1194,30,Credit Card,50 off Promo,82,13,0
267,C8996,R2726,2024-01-24 00:09:15,2024-01-24 00:55:15,463,50,Credit Card,50 off Promo,130,50,0
268,C8683,R2484,2024-01-23 01:27:19,2024-01-23 02:50:19,669,30,Digital Wallet,10%,91,46,0
269,C5642,R2373,2024-01-07 13:29:16,2024-01-07 14:48:16,1925,30,Credit Card,5% on App,161,24,0
270,C8679,R2975,2024-01-17 20:17:45,2024-01-17 21:14:45,862,50,Cash on Delivery,10%,175,17,0
271,C9208,R2709,2024-01-12 12:09:30,2024-01-12 14:01:30,375,40,Credit Card,50 off Promo,185,47,0
272,C8339,R2199,2024-02-01 08:40:44,2024-02-01 09:13:44,149,50,Credit Card,15% New User,200,28,0
273,C3205,R2536,2024-01-03 10:50:30,2024-01-03 11:41:30,1481,30,Cash on Delivery,None,155,35,0
274,C2069,R2465,2024-01-15 09:51:17,2024-01-15 11:46:17,827,40,Credit Card,50 off Promo,174,48,100
275,C4444,R2088,2024-01-27 04:24:52,2024-01-27 05:32:52,1005,0,Credit Card,15% New User,162,19,0
276,C2060,R2267,2024-01-21 17:58:45,2024-01-21 19:01:45,1027,50,Credit Card,5% on App,113,47,100
277,C3327,R2654,2024-01-27 21:05:12,2024-01-27 22:18:12,663,50,Credit Card,50 off Promo,172,23,0
278,C4420,R2570,2024-01-07 12:01:12,2024-01-07 13:12:12,882,40,Cash on Delivery,15% New User,163,50,150
279,C1301,R2921,2024-01-07 00:59:58,2024-01-07 02:08:58,584,0,Credit Card,50 off Promo,69,28,0
280,C1606,R2488,2024-02-01 06:56:09,2024-02-01 07:37:09,1207,0,Cash on Delivery,10%,65,39,0
281,C4170,R2876,2024-01-21 22:13:12,2024-01-21 22:44:12,1928,40,Credit Card,15% New User,194,14,0
282,C1699,R2537,2024-01-01 20:56:28,2024-01-01 21:53:28,1761,20,Credit Card,10%,68,40,150
283,C6088,R2046,2024-01-31 16:54:01,2024-01-31 18:37:01,1931,50,Credit Card,10%,169,16,100
284,C1190,R2287,2024-01-31 06:37:59,2024-01-31 08:32:59,683,50,Credit Card,15% New User,185,28,150
285,C1980,R2777,2024-01-21 13:16:07,2024-01-21 15:06:07,1419,30,Cash on Delivery,None,87,40,0
286,C3975,R2015,2024-01-27 23:09:13,2024-01-28 01:08:13,335,40,Cash on Delivery,15% New User,142,48,0
287,C7102,R2710,2024-02-07 21:19:22,2024-02-07 22:55:22,155,30,Cash on Delivery,None,154,33,50
288,C2184,R2400,2024-01-13 12:44:20,2024-01-13 14:24:20,459,30,Digital Wallet,50 off Promo,149,43,50
289,C4327,R2918,2024-01-16 01:07:15,2024-01-16 02:48:15,209,0,Credit Card,50 off Promo,139,32,0
290,C4394,R2793,2024-01-20 11:38:25,2024-01-20 13:31:25,291,50,Credit Card,15% New User,93,49,50
291,C9319,R2980,2024-01-26 11:44:23,2024-01-26 13:29:23,1003,30,Cash on Delivery,50 off Promo,125,15,100
292,C2816,R2085,2024-01-18 08:00:18,2024-01-18 09:50:18,1216,0,Digital Wallet,5% on App,194,47,0
293,C6854,R2249,2024-01-30 05:53:39,2024-01-30 06:32:39,961,40,Credit Card,10%,128,50,0
294,C7709,R2390,2024-01-27 03:48:54,2024-01-27 05:43:54,667,30,Cash on Delivery,10%,122,45,0
295,C1569,R2781,2024-01-28 17:22:17,2024-01-28 18:48:17,1183,50,Credit Card,None,189,36,150
296,C6442,R2334,2024-01-03 17:06:26,2024-01-03 19:01:26,749,30,Credit Card,50 off Promo,145,20,150
297,C2895,R2628,2024-01-15 09:52:09,2024-01-15 10:58:09,138,40,Cash on Delivery,None,138,14,0
298,C3733,R2518,2024-01-30 14:49:04,2024-01-30 16:35:04,1663,30,Cash on Delivery,10%,152,26,0
299,C4863,R2136,2024-01-06 19:12:54,2024-01-06 20:45:54,1172,50,Credit Card,10%,195,16,100
300,C8455,R2882,2024-02-03 08:29:37,2024-02-03 10:17:37,1543,0,Credit Card,50 off Promo,55,36,0
301,C5014,R2687,2024-02-01 19:36:36,2024-02-01 21:31:36,736,50,Cash on Delivery,5% on App,171,24,0
302,C2686,R2839,2024-01-03 06:14:06,2024-01-03 07:23:06,1136,0,Credit Card,5% on App,165,22,0
303,C4009,R2497,2024-01-28 02:56:34,2024-01-28 04:25:34,135,20,Credit Card,50 off Promo,111,20,50
304,C8806,R2826,2024-01-06 21:58:03,2024-01-06 23:15:03,200,50,Cash on Delivery,50 off Promo,193,35,0
305,C1154,R2726,2024-01-25 11:26:25,2024-01-25 12:14:25,1917,50,Credit Card,None,185,31,0
306,C2409,R2476,2024-01-12 17:13:04,2024-01-12 18:54:04,1209,40,Credit Card,50 off Promo,138,37,150
307,C1784,R2593,2024-01-11 00:49:24,2024-01-11 01:51:24,1639,30,Digital Wallet,5% on App,145,33,0
308,C9096,R2222,2024-01-01 13:38:24,2024-01-01 14:51:24,1346,0,Cash on Delivery,50 off Promo,175,38,0
309,C8560,R2989,2024-02-05 08:57:57,2024-02-05 10:03:57,1461,0,Digital Wallet,None,139,18,50
310,C8343,R2371,2024-01-10 23:54:23,2024-01-11 01:52:23,265,40,Digital Wallet,None,135,13,0
311,C8206,R2934,2024-02-07 04:48:36,2024-02-07 05:53:36,482,40,Digital Wallet,None,187,27,0
312,C6596,R2994,2024-01-19 09:21:18,2024-01-19 11:11:18,1979,30,Credit Card,None,170,25,0
313,C6801,R2401,2024-02-07 11:31:46,2024-02-07 13:28:46,1499,30,Credit Card,15% New User,125,42,0
314,C3806,R2442,2024-02-02 05:57:47,2024-02-02 06:47:47,1594,50,Digital Wallet,50 off Promo,141,38,0
315,C1537,R2489,2024-01-07 12:51:18,2024-01-07 13:22:18,889,20,Digital Wallet,10%,119,48,0
316,C6986,R2614,2024-01-14 04:43:54,2024-01-14 05:43:54,1765,30,Digital Wallet,50 off Promo,197,19,50
317,C2841,R2272,2024-01-25 22:39:05,2024-01-25 23:38:05,130,40,Credit Card,15% New User,182,18,0
318,C9716,R2525,2024-01-03 09:09:28,2024-01-03 10:54:28,1498,30,Digital Wallet,None,72,40,0
319,C7971,R2158,2024-01-14 23:14:21,2024-01-15 00:27:21,110,0,Digital Wallet,15% New User,186,37,50
320,C6625,R2151,2024-01-09 22:12:28,2024-01-09 22:53:28,1425,20,Cash on Delivery,5% on App,107,12,0
321,C3950,R2994,2024-02-06 02:33:32,2024-02-06 03:53:32,195,50,Cash on Delivery,5% on App,95,23,100
322,C8992,R2619,2024-02-03 11:03:25,2024-02-03 12:21:25,1313,0,Credit Card,50 off Promo,71,34,150
323,C5780,R2187,2024-01-09 14:11:36,2024-01-09 15:04:36,552,0,Cash on Delivery,50 off Promo,57,24,0
324,C3368,R2812,2024-01-24 21:39:13,2024-01-24 22:32:13,291,20,Cash on Delivery,10%,172,11,100
325,C7655,R2097,2024-01-07 06:33:35,2024-01-07 08:02:35,585,50,Cash on Delivery,10%,69,33,0
326,C9173,R2130,2024-02-04 16:13:22,2024-02-04 16:53:22,1389,40,Credit Card,5% on App,127,23,50
327,C5495,R2804,2024-01-19 06:07:02,2024-01-19 06:49:02,1547,50,Cash on Delivery,None,88,16,0
328,C7002,R2170,2024-01-03 23:34:41,2024-01-04 01:15:41,1251,30,Credit Card,15% New User,86,45,0
329,C7614,R2935,2024-01-02 02:06:58,2024-01-02 03:49:58,337,0,Digital Wallet,10%,124,33,0
330,C6919,R2985,2024-01-17 14:39:37,2024-01-17 16:20:37,1478,30,Cash on Delivery,10%,167,36,0
331,C1853,R2182,2024-01-24 03:03:17,2024-01-24 04:36:17,1235,40,Credit Card,None,153,46,0
332,C5146,R2982,2024-01-24 18:46:20,2024-01-24 19:35:20,1951,30,Cash on Delivery,None,80,47,0
333,C4769,R2363,2024-01-03 15:38:24,2024-01-03 17:19:24,1569,50,Digital Wallet,50 off Promo,172,39,150
334,C1574,R2038,2024-01-10 17:56:26,2024-01-10 19:38:26,1466,30,Credit Card,15% New User,103,36,0
335,C2148,R2526,2024-01-03 05:45:10,2024-01-03 07:25:10,1268,40,Credit Card,None,83,48,50
336,C7293,R2887,2024-01-14 09:47:03,2024-01-14 11:34:03,1188,40,Credit Card,10%,171,24,0
337,C7457,R2496,2024-01-24 02:17:31,2024-01-24 03:14:31,1370,40,Digital Wallet,10%,162,35,0
338,C8509,R2515,2024-01-18 06:48:13,2024-01-18 07:19:13,834,50,Digital Wallet,5% on App,111,10,0
339,C5777,R2348,2024-01-30 12:41:54,2024-01-30 13:53:54,1090,40,Digital Wallet,None,72,13,0
340,C4854,R2981,2024-02-03 19:40:51,2024-02-03 20:17:51,1613,0,Credit Card,50 off Promo,95,38,0
341,C3491,R2920,2024-02-05 02:18:01,2024-02-05 03:00:01,924,40,Digital Wallet,15% New User,105,10,0
342,C4124,R2396,2024-01-16 13:30:13,2024-01-16 15:24:13,1562,30,Cash on Delivery,50 off Promo,184,31,0
343,C6691,R2721,2024-01-14 00:28:25,2024-01-14 01:32:25,205,30,Digital Wallet,10%,167,20,0
344,C4051,R2160,2024-01-13 11:53:03,2024-01-13 12:45:03,280,30,Credit Card,50 off Promo,180,19,0
345,C1004,R2015,2024-02-05 22:45:58,2024-02-06 00:00:58,283,50,Cash on Delivery,10%,162,26,0
346,C6222,R2492,2024-01-09 01:01:32,2024-01-09 01:45:32,325,30,Digital Wallet,10%,93,45,100
347,C6315,R2425,2024-01-16 19:09:33,2024-01-16 19:40:33,876,50,Cash on Delivery,10%,177,35,0
348,C5869,R2107,2024-01-13 06:41:39,2024-01-13 08:11:39,889,50,Cash on Delivery,10%,157,30,100
349,C1876,R2893,2024-02-04 15:55:19,2024-02-04 17:40:19,1212,40,Credit Card,10%,66,22,100
350,C8027,R2449,2024-02-07 17:01:24,2024-02-07 18:34:24,787,0,Cash on Delivery,5% on App,108,18,0
351,C5142,R2310,2024-02-01 14:59:44,2024-02-01 16:20:44,629,40,Cash on Delivery,50 off Promo,187,20,0
352,C7966,R2738,2024-01-03 08:47:31,2024-01-03 09:52:31,1494,40,Credit Card,5% on App,148,20,0
353,C8079,R2169,2024-01-23 22:04:50,2024-01-23 23:40:50,1071,50,Credit Card,5% on App,133,15,100
354,C8987,R2545,2024-01-07 10:20:55,2024-01-07 11:58:55,1035,50,Credit Card,None,195,10,50
355,C7799,R2413,2024-02-07 00:59:12,2024-02-07 02:35:12,1522,30,Cash on Delivery,None,94,15,0
356,C5465,R2250,2024-01-05 16:02:02,2024-01-05 17:18:02,205,30,Cash on Delivery,None,157,22,0
357,C1635,R2758,2024-01-26 01:26:00,2024-01-26 03:18:00,1394,40,Cash on Delivery,15% New User,111,31,0
358,C2693,R2780,2024-01-05 08:52:19,2024-01-05 09:23:19,930,20,Credit Card,None,108,40,0
359,C5752,R2140,2024-01-02 08:21:32,2024-01-02 09:34:32,1626,20,Digital Wallet,50 off Promo,187,31,0
360,C9311,R2273,2024-01-26 02:36:32,2024-01-26 04:09:32,778,30,Cash on Delivery,5% on App,60,46,0
361,C1830,R2415,2024-01-12 10:05:53,2024-01-12 11:55:53,1648,20,Digital Wallet,50 off Promo,151,36,0
362,C6177,R2607,2024-02-02 16:11:39,2024-02-02 17:58:39,948,30,Credit Card,None,119,23,0
363,C9932,R2738,2024-01-28 10:20:52,2024-01-28 11:17:52,1155,50,Cash on Delivery,15% New User,172,14,150
364,C9308,R2890,2024-01-30 14:39:39,2024-01-30 16:02:39,492,40,Digital Wallet,15% New User,83,45,0
365,C6949,R2038,2024-01-16 14:11:38,2024-01-16 15:54:38,139,0,Cash on Delivery,5% on App,150,41,0
366,C3838,R2813,2024-01-26 20:07:59,2024-01-26 21:43:59,759,40,Cash on Delivery,50 off Promo,194,43,100
367,C2150,R2028,2024-02-01 19:05:43,2024-02-01 20:10:43,1341,30,Cash on Delivery,10%,153,16,50
368,C8560,R2957,2024-01-10 18:09:41,2024-01-10 19:41:41,1854,30,Digital Wallet,50 off Promo,89,19,50
369,C2931,R2476,2024-01-02 21:59:35,2024-01-02 22:53:35,1080,40,Credit Card,None,68,26,0
370,C2664,R2317,2024-01-25 04:42:25,2024-01-25 06:37:25,1205,30,Cash on Delivery,10%,116,39,0
371,C2081,R2244,2024-01-23 02:13:22,2024-01-23 03:30:22,944,20,Credit Card,15% New User,131,30,0
372,C1512,R2747,2024-02-06 08:23:17,2024-02-06 09:31:17,1843,20,Credit Card,5% on App,113,22,0
373,C8805,R2696,2024-01-18 22:01:15,2024-01-18 23:17:15,300,30,Digital Wallet,5% on App,132,10,0
374,C6237,R2271,2024-01-06 17:12:28,2024-01-06 18:02:28,546,30,Digital Wallet,15% New User,96,10,100
375,C1559,R2439,2024-01-27 22:12:21,2024-01-27 23:11:21,1967,20,Credit Card,None,55,42,150
376,C4672,R2747,2024-01-29 21:13:37,2024-01-29 22:13:37,1551,30,Cash on Delivery,15% New User,65,47,0
377,C8404,R2238,2024-01-28 04:16:43,2024-01-28 05:11:43,1161,30,Digital Wallet,None,195,34,0
378,C4343,R2376,2024-02-05 02:44:17,2024-02-05 03:35:17,1334,40,Cash on Delivery,10%,88,35,0
379,C5070,R2265,2024-02-01 19:03:01,2024-02-01 19:53:01,543,0,Cash on Delivery,15% New User,162,22,100
380,C1580,R2925,2024-01-09 06:18:56,2024-01-09 06:48:56,1450,20,Cash on Delivery,None,189,37,0
381,C8004,R2920,2024-01-19 01:25:54,2024-01-19 02:31:54,860,40,Credit Card,10%,187,42,100
382,C9130,R2358,2024-01-10 00:50:41,2024-01-10 02:36:41,326,0,Cash on Delivery,15% New User,120,46,0
383,C4147,R2339,2024-01-04 03:30:30,2024-01-04 05:24:30,147,30,Credit Card,5% on App,159,50,0
384,C5249,R2388,2024-01-18 23:43:25,2024-01-19 00:58:25,1141,30,Credit Card,15% New User,104,39,0
385,C2679,R2576,2024-01-28 22:10:59,2024-01-28 22:48:59,1011,40,Cash on Delivery,50 off Promo,178,17,0
386,C4506,R2989,2024-01-29 10:27:19,2024-01-29 11:13:19,1562,30,Cash on Delivery,15% New User,98,10,0
387,C8253,R2688,2024-01-20 17:29:57,2024-01-20 18:45:57,1930,50,Cash on Delivery,50 off Promo,70,21,0
388,C3744,R2002,2024-01-30 12:42:11,2024-01-30 14:36:11,1831,40,Cash on Delivery,10%,86,14,150
389,C6188,R2428,2024-02-06 04:49:08,2024-02-06 06:17:08,286,0,Credit Card,15% New User,165,33,0
390,C3141,R2141,2024-01-25 18:26:20,2024-01-25 19:49:20,444,40,Cash on Delivery,10%,73,15,50
391,C7617,R2375,2024-01-10 15:57:16,2024-01-10 17:52:16,323,20,Cash on Delivery,10%,104,34,0
392,C3479,R2669,2024-01-28 10:17:02,2024-01-28 10:58:02,929,40,Credit Card,None,74,10,50
393,C7484,R2323,2024-02-06 16:55:20,2024-02-06 18:28:20,587,30,Digital Wallet,10%,184,34,50
394,C8421,R2145,2024-01-28 15:24:38,2024-01-28 15:59:38,976,30,Digital Wallet,10%,176,10,0
395,C5452,R2957,2024-02-03 09:03:11,2024-02-03 10:25:11,948,50,Credit Card,15% New User,142,41,0
396,C6881,R2292,2024-01-15 19:43:37,2024-01-15 20:28:37,1352,50,Digital Wallet,15% New User,143,12,0
397,C7665,R2664,2024-01-09 17:31:36,2024-01-09 19:30:36,1513,50,Credit Card,5% on App,120,28,0
398,C3849,R2431,2024-01-26 17:15:34,2024-01-26 17:49:34,1078,0,Cash on Delivery,None,171,38,0
399,C8390,R2704,2024-01-16 02:38:07,2024-01-16 04:20:07,1712,50,Cash on Delivery,10%,73,11,0
400,C7905,R2948,2024-01-13 22:19:55,2024-01-13 23:34:55,1116,0,Digital Wallet,None,60,18,50
401,C3489,R2974,2024-01-04 13:43:43,2024-01-04 14:26:43,287,50,Cash on Delivery,50 off Promo,122,26,0
402,C5611,R2584,2024-01-27 06:01:55,2024-01-27 07:14:55,1981,0,Digital Wallet,10%,61,45,0
403,C3839,R2398,2024-01-14 18:40:02,2024-01-14 20:12:02,369,40,Digital Wallet,None,84,26,0
404,C9527,R2816,2024-01-21 21:05:19,2024-01-21 22:26:19,1730,40,Cash on Delivery,5% on App,190,21,0
405,C6878,R2888,2024-02-04 07:37:01,2024-02-04 08:32:01,409,30,Cash on Delivery,5% on App,72,29,0
406,C7303,R2343,2024-01-14 06:38:36,2024-01-14 08:00:36,1255,0,Digital Wallet,10%,132,12,0
407,C1851,R2963,2024-02-04 05:16:06,2024-02-04 06:14:06,1674,20,Cash on Delivery,50 off Promo,137,13,150
408,C2687,R2139,2024-01-27 10:29:06,2024-01-27 11:17:06,1195,30,Credit Card,5% on App,129,26,0
409,C7833,R2186,2024-01-04 14:12:55,2024-01-04 15:28:55,1916,40,Cash on Delivery,5% on App,146,46,0
410,C3427,R2804,2024-01-25 14:40:53,2024-01-25 15:17:53,944,0,Cash on Delivery,50 off Promo,189,24,0
411,C5000,R2060,2024-01-15 17:08:20,2024-01-15 18:00:20,1795,50,Credit Card,None,83,42,50
412,C6052,R2996,2024-01-13 02:05:27,2024-01-13 03:09:27,1310,20,Cash on Delivery,5% on App,124,25,0
413,C3738,R2938,2024-01-03 05:49:43,2024-01-03 07:11:43,585,40,Cash on Delivery,15% New User,177,20,150
414,C6732,R2379,2024-01-25 11:45:04,2024-01-25 13:12:04,1314,30,Digital Wallet,5% on App,190,29,0
415,C6387,R2709,2024-01-12 18:03:36,2024-01-12 18:37:36,1545,0,Cash on Delivery,None,80,47,0
416,C9002,R2806,2024-02-02 19:25:17,2024-02-02 20:10:17,219,20,Cash on Delivery,None,179,33,0
417,C6536,R2439,2024-01-23 09:04:20,2024-01-23 09:50:20,319,0,Credit Card,10%,152,25,0
418,C4913,R2318,2024-01-08 17:45:55,2024-01-08 18:46:55,152,50,Digital Wallet,15% New User,64,39,100
419,C2066,R2301,2024-01-27 18:49:41,2024-01-27 20:10:41,1857,30,Digital Wallet,None,106,43,0
420,C8723,R2343,2024-01-11 12:07:49,2024-01-11 12:56:49,1574,0,Digital Wallet,50 off Promo,124,10,0
421,C5380,R2010,2024-01-13 18:54:09,2024-01-13 20:29:09,1535,40,Cash on Delivery,15% New User,83,33,150
422,C5107,R2061,2024-01-20 06:25:42,2024-01-20 08:18:42,1766,30,Digital Wallet,15% New User,152,33,0
423,C6726,R2844,2024-01-22 07:05:03,2024-01-22 08:56:03,1360,40,Credit Card,50 off Promo,124,18,0
424,C4373,R2225,2024-02-07 19:08:16,2024-02-07 19:38:16,857,0,Digital Wallet,5% on App,78,31,100
425,C9945,R2152,2024-01-05 08:57:24,2024-01-05 10:24:24,837,30,Credit Card,50 off Promo,65,21,0
426,C3082,R2710,2024-01-01 02:58:19,2024-01-01 04:50:19,819,40,Digital Wallet,50 off Promo,126,26,0
427,C9967,R2563,2024-01-07 04:20:03,2024-01-07 05:33:03,505,50,Digital Wallet,5% on App,86,34,50
428,C7748,R2771,2024-02-06 15:08:17,2024-02-06 15:43:17,707,50,Credit Card,5% on App,130,37,0
429,C1417,R2570,2024-01-31 06:36:44,2024-01-31 07:55:44,1120,0,Digital Wallet,5% on App,198,24,100
430,C9306,R2583,2024-01-02 08:53:33,2024-01-02 10:34:33,521,30,Digital Wallet,5% on App,173,39,0
431,C9808,R2659,2024-01-23 22:37:23,2024-01-24 00:34:23,811,20,Digital Wallet,5% on App,68,36,100
432,C4974,R2860,2024-01-20 14:02:08,2024-01-20 14:51:08,346,30,Cash on Delivery,50 off Promo,151,31,100
433,C4267,R2574,2024-01-21 17:48:33,2024-01-21 18:31:33,171,50,Credit Card,10%,185,19,50
434,C1825,R2309,2024-02-07 20:23:29,2024-02-07 20:57:29,1953,40,Digital Wallet,10%,126,40,0
435,C8668,R2884,2024-01-03 11:50:00,2024-01-03 13:00:00,284,20,Credit Card,None,90,36,150
436,C6745,R2242,2024-02-06 05:21:24,2024-02-06 06:30:24,105,0,Credit Card,10%,110,21,0
437,C1412,R2492,2024-01-31 18:03:45,2024-01-31 19:06:45,1329,20,Credit Card,10%,75,40,50
438,C8543,R2365,2024-01-22 14:14:50,2024-01-22 16:03:50,1667,0,Digital Wallet,50 off Promo,120,41,0
439,C8587,R2329,2024-01-05 12:55:36,2024-01-05 14:09:36,1734,20,Digital Wallet,5% on App,152,41,0
440,C1728,R2106,2024-01-05 12:19:14,2024-01-05 13:59:14,1005,0,Credit Card,5% on App,119,50,50
441,C8164,R2225,2024-01-25 17:06:59,2024-01-25 18:55:59,486,0,Cash on Delivery,50 off Promo,156,44,0
442,C9867,R2824,2024-01-21 05:10:21,2024-01-21 06:50:21,1891,20,Credit Card,10%,156,30,0
443,C6988,R2217,2024-01-01 05:01:13,2024-01-01 05:57:13,798,20,Cash on Delivery,50 off Promo,152,19,0
444,C3504,R2936,2024-01-01 10:00:35,2024-01-01 11:47:35,1199,0,Credit Card,None,68,25,0
445,C3967,R2752,2024-01-15 09:43:45,2024-01-15 11:30:45,1300,50,Credit Card,5% on App,117,16,0
446,C3786,R2505,2024-01-03 16:56:22,2024-01-03 18:09:22,926,20,Credit Card,15% New User,119,13,100
447,C2122,R2258,2024-02-01 09:16:53,2024-02-01 10:18:53,1922,30,Digital Wallet,None,162,36,0
448,C5079,R2887,2024-01-23 04:52:50,2024-01-23 05:54:50,448,40,Cash on Delivery,None,106,34,0
449,C2571,R2773,2024-01-08 02:46:45,2024-01-08 03:59:45,1378,0,Cash on Delivery,50 off Promo,110,40,0
450,C6073,R2516,2024-01-19 07:47:26,2024-01-19 08:36:26,1960,0,Credit Card,10%,141,20,0
451,C6104,R2772,2024-01-09 09:45:31,2024-01-09 10:50:31,1825,40,Digital Wallet,5% on App,79,29,0
452,C3143,R2053,2024-01-21 18:24:51,2024-01-21 19:00:51,407,50,Digital Wallet,15% New User,176,45,100
453,C7806,R2046,2024-01-25 23:44:41,2024-01-26 00:45:41,1468,40,Cash on Delivery,None,164,26,150
454,C8357,R2726,2024-01-09 18:29:31,2024-01-09 20:05:31,1250,20,Digital Wallet,15% New User,55,20,0
455,C4440,R2688,2024-02-04 12:27:28,2024-02-04 13:35:28,386,40,Cash on Delivery,10%,67,39,0
456,C4766,R2520,2024-01-08 17:28:09,2024-01-08 18:21:09,865,0,Cash on Delivery,10%,59,44,0
457,C6644,R2098,2024-02-03 07:28:37,2024-02-03 09:23:37,824,40,Cash on Delivery,15% New User,141,50,100
458,C3914,R2019,2024-01-04 07:48:33,2024-01-04 09:27:33,861,30,Digital Wallet,5% on App,188,47,0
459,C5968,R2889,2024-01-02 00:17:48,2024-01-02 02:14:48,1719,20,Cash on Delivery,10%,126,31,0
460,C6917,R2752,2024-02-06 19:25:22,2024-02-06 21:21:22,1610,40,Cash on Delivery,15% New User,150,36,150
461,C9787,R2572,2024-01-24 15:30:37,2024-01-24 16:53:37,482,0,Credit Card,None,133,46,100
462,C1728,R2890,2024-01-03 05:15:03,2024-01-03 06:22:03,1529,20,Cash on Delivery,15% New User,101,44,100
463,C2365,R2489,2024-01-13 15:46:49,2024-01-13 17:29:49,487,0,Cash on Delivery,15% New User,80,13,50
464,C5492,R2418,2024-02-05 17:43:41,2024-02-05 19:32:41,624,50,Credit Card,50 off Promo,194,25,0
465,C1698,R2689,2024-01-13 23:47:17,2024-01-14 01:31:17,1680,30,Credit Card,10%,159,25,150
466,C8186,R2849,2024-02-02 11:06:42,2024-02-02 12:07:42,738,50,Digital Wallet,5% on App,142,30,0
467,C1395,R2061,2024-01-04 09:38:14,2024-01-04 10:52:14,1037,30,Cash on Delivery,5% on App,102,35,0
468,C8400,R2144,2024-01-19 16:08:45,2024-01-19 17:38:45,1749,40,Digital Wallet,50 off Promo,194,45,100
469,C9082,R2215,2024-01-14 00:59:58,2024-01-14 02:38:58,375,20,Digital Wallet,5% on App,135,28,0
470,C5171,R2002,2024-02-01 15:17:40,2024-02-01 17:14:40,599,40,Credit Card,15% New User,51,26,50
471,C5360,R2159,2024-01-22 12:27:14,2024-01-22 13:49:14,816,30,Digital Wallet,50 off Promo,135,35,100
472,C3502,R2738,2024-02-03 10:51:45,2024-02-03 12:11:45,436,30,Cash on Delivery,None,182,31,0
473,C1717,R2997,2024-01-24 09:43:54,2024-01-24 11:28:54,1031,30,Credit Card,10%,53,37,0
474,C3782,R2780,2024-01-31 13:54:09,2024-01-31 15:19:09,580,0,Cash on Delivery,10%,55,10,100
475,C5946,R2119,2024-01-20 17:09:37,2024-01-20 18:05:37,1010,20,Cash on Delivery,10%,198,45,0
476,C6486,R2892,2024-01-15 11:55:57,2024-01-15 13:02:57,1396,40,Credit Card,15% New User,167,46,0
477,C9335,R2088,2024-01-02 04:56:51,2024-01-02 06:27:51,1181,40,Cash on Delivery,None,138,11,100
478,C5980,R2328,2024-01-18 06:04:47,2024-01-18 06:51:47,1451,50,Credit Card,50 off Promo,63,26,0
479,C8266,R2579,2024-01-06 15:28:09,2024-01-06 17:01:09,1854,30,Cash on Delivery,50 off Promo,105,49,150
480,C5491,R2909,2024-01-11 16:26:00,2024-01-11 18:12:00,208,30,Credit Card,10%,130,47,100
481,C8192,R2356,2024-02-04 05:41:44,2024-02-04 06:40:44,1402,30,Digital Wallet,None,198,30,0
482,C6588,R2609,2024-02-04 02:51:33,2024-02-04 04:09:33,1809,40,Cash on Delivery,None,95,18,0
483,C8651,R2266,2024-01-13 11:36:00,2024-01-13 12:46:00,427,50,Credit Card,None,193,22,0
484,C4636,R2616,2024-02-06 11:27:09,2024-02-06 12:09:09,1899,0,Cash on Delivery,5% on App,65,20,0
485,C2167,R2951,2024-01-27 03:42:56,2024-01-27 04:45:56,414,20,Cash on Delivery,5% on App,169,25,0
486,C2062,R2322,2024-01-09 00:30:45,2024-01-09 01:24:45,1597,0,Cash on Delivery,10%,133,25,0
487,C3156,R2634,2024-01-12 11:24:29,2024-01-12 12:59:29,1234,40,Credit Card,None,57,11,50
488,C8860,R2987,2024-01-02 16:29:48,2024-01-02 17:16:48,798,30,Digital Wallet,None,137,17,0
489,C6161,R2540,2024-01-08 09:19:47,2024-01-08 09:53:47,880,20,Digital Wallet,50 off Promo,180,22,0
490,C6305,R2648,2024-01-31 11:16:18,2024-01-31 12:04:18,1352,40,Digital Wallet,50 off Promo,68,26,50
491,C7541,R2194,2024-02-02 06:23:30,2024-02-02 07:34:30,1620,40,Credit Card,10%,146,48,0
492,C5729,R2920,2024-01-12 05:03:36,2024-01-12 05:50:36,255,40,Digital Wallet,None,115,33,0
493,C8330,R2737,2024-01-01 06:30:29,2024-01-01 07:31:29,1596,20,Credit Card,10%,128,12,0
494,C6334,R2331,2024-01-15 11:29:16,2024-01-15 12:19:16,1824,20,Cash on Delivery,50 off Promo,135,39,0
495,C9924,R2169,2024-01-18 05:53:56,2024-01-18 06:32:56,1395,50,Cash on Delivery,50 off Promo,173,22,150
496,C5330,R2520,2024-02-03 05:08:49,2024-02-03 06:14:49,986,50,Digital Wallet,5% on App,199,28,0
497,C9010,R2462,2024-02-04 13:07:32,2024-02-04 14:25:32,1125,0,Credit Card,10%,95,16,50
498,C7801,R2039,2024-01-21 22:36:17,2024-01-22 00:31:17,857,20,Cash on Delivery,10%,162,18,0
499,C5846,R2536,2024-01-13 08:05:23,2024-01-13 08:47:23,821,20,Credit Card,None,140,28,50
500,C7731,R2260,2024-01-20 22:00:56,2024-01-20 23:24:56,1634,20,Credit Card,None,190,49,150
501,C8241,R2394,2024-01-07 10:28:30,2024-01-07 11:14:30,1012,50,Cash on Delivery,5% on App,82,31,100
502,C1953,R2954,2024-01-12 03:49:23,2024-01-12 04:27:23,1409,40,Credit Card,15% New User,182,27,50
503,C3539,R2225,2024-02-04 20:48:59,2024-02-04 22:45:59,970,30,Cash on Delivery,15% New User,126,32,0
504,C8056,R2983,2024-01-18 17:14:51,2024-01-18 18:27:51,112,50,Cash on Delivery,15% New User,170,11,0
505,C2542,R2123,2024-01-01 02:12:47,2024-01-01 03:59:47,707,20,Cash on Delivery,10%,177,20,0
506,C6293,R2974,2024-01-27 21:08:43,2024-01-27 22:23:43,597,50,Credit Card,10%,127,40,50
507,C2191,R2037,2024-01-15 13:11:40,2024-01-15 13:48:40,1856,0,Cash on Delivery,50 off Promo,116,42,0
508,C7313,R2327,2024-01-15 01:01:01,2024-01-15 02:07:01,337,20,Credit Card,10%,164,23,0
509,C7938,R2250,2024-01-07 09:27:47,2024-01-07 10:15:47,1217,0,Cash on Delivery,10%,112,25,0
510,C3681,R2900,2024-01-03 21:52:17,2024-01-03 23:24:17,1461,20,Cash on Delivery,10%,162,20,0
511,C2540,R2175,2024-01-21 07:48:44,2024-01-21 09:03:44,880,50,Digital Wallet,5% on App,143,42,0
512,C7172,R2601,2024-01-10 17:45:31,2024-01-10 19:25:31,1294,40,Digital Wallet,10%,97,16,0
513,C6541,R2913,2024-01-11 00:10:45,2024-01-11 01:05:45,705,30,Digital Wallet,None,61,40,0
514,C2365,R2453,2024-01-17 12:42:07,2024-01-17 13:57:07,760,0,Credit Card,None,194,23,150
515,C9691,R2036,2024-01-11 19:56:12,2024-01-11 21:11:12,1747,50,Credit Card,50 off Promo,89,37,0
516,C9702,R2315,2024-01-06 10:51:22,2024-01-06 12:35:22,1690,40,Cash on Delivery,5% on App,134,25,50
517,C8494,R2687,2024-01-23 05:41:17,2024-01-23 06:24:17,948,50,Cash on Delivery,None,106,28,0
518,C5312,R2972,2024-01-01 16:49:05,2024-01-01 18:43:05,1035,0,Cash on Delivery,5% on App,136,26,150
519,C2324,R2795,2024-01-27 20:44:06,2024-01-27 22:16:06,1590,30,Cash on Delivery,5% on App,133,35,100
520,C4141,R2964,2024-02-02 16:37:38,2024-02-02 18:18:38,727,50,Credit Card,50 off Promo,170,15,100
521,C8419,R2972,2024-02-05 17:23:42,2024-02-05 17:55:42,242,20,Cash on Delivery,5% on App,123,18,100
522,C4486,R2592,2024-01-25 06:23:14,2024-01-25 07:20:14,1324,40,Cash on Delivery,10%,156,26,0
523,C2810,R2113,2024-01-19 16:49:37,2024-01-19 17:47:37,1303,50,Digital Wallet,5% on App,173,40,100
524,C7588,R2039,2024-01-28 04:07:29,2024-01-28 06:03:29,813,40,Cash on Delivery,50 off Promo,149,21,0
525,C3923,R2300,2024-01-12 06:19:41,2024-01-12 07:06:41,1487,20,Cash on Delivery,50 off Promo,92,32,0
526,C6301,R2223,2024-02-06 01:46:50,2024-02-06 02:50:50,578,30,Cash on Delivery,50 off Promo,168,14,0
527,C5186,R2317,2024-01-18 06:20:33,2024-01-18 08:06:33,664,30,Credit Card,None,72,45,100
528,C9905,R2348,2024-01-09 02:54:52,2024-01-09 04:39:52,570,20,Digital Wallet,10%,86,45,0
529,C6977,R2114,2024-01-18 18:04:14,2024-01-18 19:20:14,483,40,Cash on Delivery,None,183,12,150
530,C5268,R2697,2024-02-04 18:17:27,2024-02-04 18:51:27,1815,50,Cash on Delivery,15% New User,114,33,0
531,C5748,R2322,2024-01-24 20:42:54,2024-01-24 22:26:54,1025,20,Digital Wallet,10%,183,26,150
532,C5849,R2567,2024-01-14 22:38:00,2024-01-15 00:06:00,516,0,Cash on Delivery,5% on App,71,48,50
533,C4709,R2039,2024-02-02 07:05:58,2024-02-02 08:49:58,1948,40,Credit Card,50 off Promo,154,35,150
534,C7619,R2865,2024-02-06 22:17:44,2024-02-06 23:45:44,407,30,Cash on Delivery,15% New User,137,13,0
535,C9647,R2039,2024-02-02 04:51:46,2024-02-02 06:07:46,748,20,Credit Card,10%,174,21,0
536,C4072,R2858,2024-01-21 10:25:24,2024-01-21 11:07:24,1817,30,Credit Card,None,128,10,0
537,C7530,R2972,2024-01-15 11:23:52,2024-01-15 13:10:52,1490,40,Cash on Delivery,50 off Promo,139,30,0
538,C1504,R2748,2024-01-24 08:06:51,2024-01-24 10:04:51,1124,30,Digital Wallet,None,100,28,150
539,C2214,R2288,2024-01-27 21:10:21,2024-01-27 22:12:21,1167,20,Credit Card,10%,151,30,0
540,C2531,R2261,2024-02-06 17:37:49,2024-02-06 19:08:49,838,40,Digital Wallet,10%,155,27,0
541,C8576,R2215,2024-01-23 20:39:14,2024-01-23 22:27:14,1966,0,Cash on Delivery,15% New User,109,12,0
542,C1823,R2146,2024-01-02 14:11:18,2024-01-02 14:56:18,1221,20,Credit Card,5% on App,95,41,0
543,C1928,R2335,2024-02-07 12:51:27,2024-02-07 14:04:27,1843,50,Cash on Delivery,None,85,19,100
544,C6029,R2167,2024-01-11 12:41:51,2024-01-11 14:08:51,1388,20,Digital Wallet,15% New User,60,49,0
545,C1133,R2091,2024-02-01 11:16:19,2024-02-01 11:51:19,1923,40,Cash on Delivery,50 off Promo,61,24,0
546,C3105,R2352,2024-01-19 17:55:15,2024-01-19 19:53:15,1906,20,Cash on Delivery,5% on App,88,14,0
547,C4627,R2570,2024-01-30 23:31:50,2024-01-31 00:15:50,239,0,Credit Card,15% New User,188,13,150
548,C7316,R2570,2024-01-19 20:08:07,2024-01-19 20:41:07,1604,0,Cash on Delivery,None,85,37,150
549,C2852,R2815,2024-01-25 13:01:04,2024-01-25 14:26:04,1360,50,Cash on Delivery,10%,101,13,0
550,C5910,R2680,2024-01-12 02:50:12,2024-01-12 04:23:12,1073,30,Cash on Delivery,50 off Promo,80,24,0
551,C5175,R2780,2024-01-05 22:43:07,2024-01-06 00:20:07,1116,40,Credit Card,None,82,26,0
552,C6348,R2362,2024-01-30 07:22:27,2024-01-30 08:25:27,1052,40,Digital Wallet,5% on App,190,12,50
553,C7190,R2556,2024-01-23 09:08:51,2024-01-23 10:33:51,1003,30,Digital Wallet,5% on App,195,19,0
554,C2256,R2344,2024-02-03 12:26:35,2024-02-03 13:27:35,171,0,Cash on Delivery,10%,107,32,50
555,C4376,R2692,2024-01-18 21:03:33,2024-01-18 21:41:33,1790,0,Credit Card,10%,177,27,0
556,C6645,R2169,2024-01-16 00:27:18,2024-01-16 01:59:18,1313,20,Cash on Delivery,50 off Promo,80,10,0
557,C4486,R2355,2024-02-04 00:49:53,2024-02-04 02:30:53,1391,50,Digital Wallet,50 off Promo,104,44,0
558,C4584,R2190,2024-01-06 01:01:24,2024-01-06 02:48:24,1444,50,Credit Card,10%,59,40,0
559,C9053,R2666,2024-01-25 22:22:54,2024-01-25 23:24:54,206,50,Digital Wallet,10%,179,10,0
560,C4330,R2421,2024-01-29 03:08:45,2024-01-29 05:04:45,1355,20,Digital Wallet,5% on App,64,12,0
561,C3703,R2699,2024-02-07 13:19:59,2024-02-07 14:09:59,1165,50,Credit Card,10%,52,12,150
562,C9662,R2006,2024-01-15 05:54:04,2024-01-15 07:18:04,1825,30,Credit Card,15% New User,92,46,0
563,C9120,R2132,2024-02-05 19:43:30,2024-02-05 21:28:30,982,20,Cash on Delivery,None,116,28,0
564,C8114,R2746,2024-01-29 10:14:30,2024-01-29 11:40:30,238,30,Cash on Delivery,10%,105,38,0
565,C2353,R2556,2024-01-06 16:00:26,2024-01-06 16:31:26,714,20,Digital Wallet,50 off Promo,112,34,100
566,C6063,R2825,2024-01-04 08:14:19,2024-01-04 08:56:19,1806,50,Credit Card,15% New User,64,42,0
567,C9549,R2760,2024-01-10 10:07:17,2024-01-10 10:40:17,962,30,Credit Card,50 off Promo,158,45,0
568,C8575,R2030,2024-01-20 08:38:37,2024-01-20 10:31:37,372,30,Cash on Delivery,15% New User,165,38,0
569,C1667,R2534,2024-01-07 10:17:42,2024-01-07 11:36:42,1604,30,Digital Wallet,10%,141,35,0
570,C5468,R2425,2024-01-11 17:37:40,2024-01-11 18:54:40,515,20,Digital Wallet,None,187,13,50
571,C7819,R2393,2024-01-18 21:30:36,2024-01-18 23:17:36,605,40,Cash on Delivery,50 off Promo,96,23,0
572,C4719,R2671,2024-02-07 07:01:41,2024-02-07 08:00:41,832,50,Credit Card,15% New User,106,36,0
573,C3745,R2362,2024-01-15 08:53:17,2024-01-15 09:51:17,1848,30,Cash on Delivery,5% on App,99,42,0
574,C8483,R2436,2024-01-27 12:21:10,2024-01-27 12:58:10,1976,40,Cash on Delivery,10%,120,31,0
575,C1539,R2669,2024-01-07 21:05:05,2024-01-07 21:46:05,523,50,Cash on Delivery,None,192,12,0
576,C5964,R2550,2024-01-01 17:30:37,2024-01-01 18:40:37,1530,50,Cash on Delivery,10%,195,32,150
577,C5835,R2926,2024-01-31 09:59:48,2024-01-31 10:54:48,1691,30,Credit Card,5% on App,131,30,0
578,C4775,R2081,2024-02-01 16:40:21,2024-02-01 17:59:21,489,30,Cash on Delivery,None,165,50,0
579,C7042,R2355,2024-01-15 20:19:49,2024-01-15 20:50:49,441,20,Credit Card,5% on App,154,32,50
580,C8102,R2257,2024-01-03 08:46:06,2024-01-03 10:10:06,1045,40,Cash on Delivery,10%,137,13,0
581,C8312,R2717,2024-01-06 19:33:40,2024-01-06 20:58:40,713,40,Digital Wallet,15% New User,51,30,50
582,C6320,R2588,2024-01-27 01:23:21,2024-01-27 02:06:21,592,30,Credit Card,10%,153,46,150
583,C7132,R2988,2024-01-16 10:45:42,2024-01-16 11:20:42,291,50,Digital Wallet,10%,133,40,0
584,C8891,R2523,2024-01-20 10:26:01,2024-01-20 12:16:01,598,30,Cash on Delivery,10%,92,30,0
585,C3779,R2294,2024-01-13 00:23:19,2024-01-13 02:21:19,921,50,Cash on Delivery,50 off Promo,120,35,100
586,C1924,R2961,2024-01-08 15:35:02,2024-01-08 17:05:02,1835,50,Cash on Delivery,5% on App,143,50,0
587,C2581,R2223,2024-01-18 19:15:12,2024-01-18 19:56:12,1356,30,Credit Card,5% on App,91,44,0
588,C8714,R2524,2024-01-13 20:03:24,2024-01-13 20:45:24,326,0,Digital Wallet,5% on App,182,47,0
589,C4324,R2045,2024-01-20 23:37:56,2024-01-21 00:25:56,1494,40,Credit Card,50 off Promo,188,33,0
590,C6713,R2666,2024-01-16 20:34:33,2024-01-16 21:47:33,238,50,Credit Card,15% New User,114,20,0
591,C8026,R2112,2024-01-20 12:19:56,2024-01-20 14:17:56,955,50,Cash on Delivery,10%,83,50,100
592,C1255,R2232,2024-01-15 07:23:00,2024-01-15 08:51:00,916,0,Digital Wallet,15% New User,169,38,100
593,C5804,R2016,2024-01-31 12:38:12,2024-01-31 13:44:12,1272,20,Cash on Delivery,50 off Promo,50,12,0
594,C2838,R2359,2024-02-07 13:46:57,2024-02-07 14:40:57,1238,0,Credit Card,5% on App,179,10,0
595,C1009,R2222,2024-01-09 03:07:16,2024-01-09 03:52:16,1573,0,Cash on Delivery,10%,197,28,0
596,C3871,R2865,2024-01-30 10:36:28,2024-01-30 11:43:28,1186,50,Digital Wallet,None,110,31,0
597,C9989,R2699,2024-02-01 20:46:23,2024-02-01 21:58:23,203,40,Cash on Delivery,None,198,23,0
598,C8409,R2447,2024-01-28 07:24:19,2024-01-28 09:20:19,1974,0,Digital Wallet,15% New User,137,23,100
599,C8418,R2855,2024-01-16 15:35:44,2024-01-16 16:18:44,970,20,Digital Wallet,5% on App,117,25,0
600,C6124,R2364,2024-01-18 22:55:30,2024-01-18 23:30:30,767,30,Cash on Delivery,None,176,42,0
601,C2015,R2674,2024-01-12 05:47:28,2024-01-12 07:45:28,372,0,Credit Card,15% New User,189,22,0
602,C3193,R2325,2024-01-06 08:45:47,2024-01-06 09:37:47,1129,0,Cash on Delivery,50 off Promo,71,47,0
603,C9415,R2466,2024-01-29 22:43:22,2024-01-30 00:12:22,1270,20,Credit Card,15% New User,197,21,0
604,C8449,R2413,2024-01-14 17:00:46,2024-01-14 17:41:46,283,40,Credit Card,15% New User,131,47,150
605,C5158,R2454,2024-01-16 10:19:00,2024-01-16 11:01:00,1151,0,Cash on Delivery,15% New User,178,48,0
606,C4925,R2585,2024-01-31 04:16:51,2024-01-31 04:51:51,1673,0,Credit Card,10%,79,42,150
607,C7970,R2232,2024-01-20 14:23:59,2024-01-20 15:55:59,1242,40,Credit Card,15% New User,175,42,0
608,C7938,R2223,2024-01-22 04:38:14,2024-01-22 05:45:14,392,20,Cash on Delivery,15% New User,146,38,0
609,C5784,R2993,2024-01-13 06:15:25,2024-01-13 07:34:25,1494,0,Cash on Delivery,10%,73,14,0
610,C5000,R2830,2024-02-01 13:06:11,2024-02-01 14:27:11,1367,40,Cash on Delivery,10%,63,15,0
611,C2633,R2411,2024-01-21 00:17:37,2024-01-21 01:26:37,1703,0,Credit Card,50 off Promo,85,40,100
612,C8266,R2571,2024-01-23 17:26:11,2024-01-23 18:03:11,1849,30,Digital Wallet,5% on App,73,25,0
613,C9702,R2334,2024-01-16 14:30:07,2024-01-16 16:00:07,1341,50,Credit Card,None,144,40,100
614,C1384,R2221,2024-01-03 14:30:19,2024-01-03 15:07:19,276,30,Digital Wallet,None,104,34,0
615,C1404,R2036,2024-01-18 01:45:53,2024-01-18 02:48:53,1422,0,Cash on Delivery,15% New User,73,42,0
616,C9175,R2988,2024-01-22 11:37:11,2024-01-22 13:25:11,1799,20,Digital Wallet,50 off Promo,75,22,50
617,C3000,R2277,2024-01-07 21:53:38,2024-01-07 23:22:38,157,50,Cash on Delivery,15% New User,129,19,0
618,C6989,R2195,2024-01-10 10:57:32,2024-01-10 12:23:32,1392,30,Cash on Delivery,None,114,33,0
619,C2460,R2915,2024-01-23 23:39:17,2024-01-24 00:54:17,407,40,Digital Wallet,10%,124,19,100
620,C8190,R2863,2024-01-09 07:50:01,2024-01-09 08:41:01,1693,20,Cash on Delivery,5% on App,92,50,0
621,C8140,R2483,2024-01-25 00:23:40,2024-01-25 02:19:40,1411,30,Digital Wallet,50 off Promo,78,40,0
622,C4636,R2241,2024-01-17 12:41:20,2024-01-17 13:50:20,1076,40,Cash on Delivery,10%,130,22,0
623,C5809,R2323,2024-01-13 18:05:28,2024-01-13 19:19:28,1228,0,Credit Card,5% on App,103,12,0
624,C5178,R2730,2024-01-30 04:21:19,2024-01-30 05:45:19,1351,40,Credit Card,50 off Promo,88,43,0
625,C8245,R2191,2024-01-25 07:25:43,2024-01-25 08:45:43,1370,30,Cash on Delivery,50 off Promo,91,37,0
626,C7600,R2016,2024-01-23 06:52:24,2024-01-23 08:47:24,799,30,Cash on Delivery,None,78,28,100
627,C6997,R2523,2024-02-01 13:13:36,2024-02-01 13:47:36,1617,0,Digital Wallet,10%,180,32,0
628,C3048,R2917,2024-01-15 09:38:09,2024-01-15 10:20:09,182,40,Credit Card,50 off Promo,187,41,100
629,C5780,R2400,2024-01-06 03:02:19,2024-01-06 03:59:19,1309,40,Digital Wallet,50 off Promo,191,22,0
630,C1716,R2905,2024-01-13 04:16:47,2024-01-13 06:09:47,351,0,Cash on Delivery,5% on App,91,42,100
631,C8939,R2885,2024-02-07 23:56:12,2024-02-08 01:45:12,1478,40,Cash on Delivery,None,143,43,100
632,C6565,R2704,2024-01-04 12:30:24,2024-01-04 14:01:24,1873,0,Digital Wallet,15% New User,81,42,0
633,C5544,R2021,2024-01-03 13:09:29,2024-01-03 15:05:29,1995,20,Cash on Delivery,None,75,14,0
634,C5976,R2473,2024-02-01 09:16:33,2024-02-01 10:09:33,1819,30,Credit Card,15% New User,164,12,0
635,C4419,R2119,2024-01-17 22:07:53,2024-01-17 22:43:53,895,20,Digital Wallet,10%,178,16,0
636,C8239,R2209,2024-01-07 09:35:59,2024-01-07 10:42:59,996,50,Credit Card,10%,105,33,0
637,C1249,R2305,2024-01-20 15:01:15,2024-01-20 16:07:15,309,50,Credit Card,50 off Promo,171,31,100
638,C9865,R2269,2024-01-27 20:12:04,2024-01-27 21:49:04,915,50,Credit Card,10%,155,32,0
639,C1770,R2703,2024-01-24 23:54:50,2024-01-25 01:05:50,1931,0,Digital Wallet,50 off Promo,179,39,50
640,C5363,R2686,2024-01-17 15:34:14,2024-01-17 17:29:14,708,40,Cash on Delivery,None,130,27,100
641,C2077,R2284,2024-01-09 15:52:01,2024-01-09 16:26:01,546,20,Credit Card,10%,169,41,150
642,C9427,R2715,2024-01-31 03:50:31,2024-01-31 05:23:31,559,20,Credit Card,None,101,16,150
643,C9580,R2675,2024-01-30 03:42:50,2024-01-30 05:01:50,1067,20,Credit Card,None,140,42,0
644,C8901,R2762,2024-01-20 23:50:08,2024-01-21 01:46:08,571,20,Cash on Delivery,10%,186,14,150
645,C5858,R2226,2024-02-02 10:15:42,2024-02-02 10:59:42,1843,50,Cash on Delivery,None,71,37,0
646,C7544,R2947,2024-02-05 17:51:12,2024-02-05 19:33:12,469,20,Digital Wallet,10%,83,17,0
647,C5719,R2380,2024-01-13 05:14:35,2024-01-13 06:36:35,999,40,Cash on Delivery,10%,159,24,0
648,C3814,R2459,2024-01-22 02:15:50,2024-01-22 03:09:50,1615,50,Digital Wallet,10%,98,13,0
649,C4374,R2006,2024-01-31 23:52:12,2024-02-01 01:50:12,1022,20,Digital Wallet,15% New User,178,43,0
650,C2252,R2028,2024-02-07 12:40:50,2024-02-07 14:34:50,236,0,Digital Wallet,None,122,14,50
651,C7996,R2906,2024-01-12 04:06:28,2024-01-12 04:44:28,466,30,Digital Wallet,5% on App,133,42,0
652,C5673,R2032,2024-01-07 09:59:59,2024-01-07 11:06:59,1011,30,Digital Wallet,10%,102,14,150
653,C5530,R2645,2024-01-26 00:18:08,2024-01-26 01:09:08,283,30,Credit Card,None,149,47,0
654,C7881,R2878,2024-01-27 20:34:44,2024-01-27 22:30:44,1711,50,Cash on Delivery,50 off Promo,173,43,0
655,C7949,R2078,2024-02-02 16:09:48,2024-02-02 17:27:48,1410,20,Credit Card,10%,94,35,0
656,C7241,R2927,2024-01-06 15:25:10,2024-01-06 17:02:10,571,50,Digital Wallet,10%,186,10,0
657,C9017,R2946,2024-01-26 00:11:22,2024-01-26 00:55:22,1498,40,Cash on Delivery,5% on App,154,13,0
658,C7941,R2458,2024-01-19 12:42:26,2024-01-19 14:16:26,753,0,Credit Card,15% New User,199,48,0
659,C8002,R2569,2024-01-20 08:57:59,2024-01-20 10:20:59,848,0,Credit Card,15% New User,195,35,0
660,C2331,R2982,2024-01-21 14:39:12,2024-01-21 15:38:12,636,30,Digital Wallet,10%,155,42,0
661,C5261,R2537,2024-01-23 04:56:36,2024-01-23 05:45:36,1634,30,Credit Card,None,92,42,0
662,C8648,R2481,2024-01-11 02:59:32,2024-01-11 04:01:32,901,30,Credit Card,50 off Promo,183,17,0
663,C6115,R2429,2024-02-05 09:51:53,2024-02-05 11:46:53,1702,20,Credit Card,50 off Promo,97,29,0
664,C5637,R2737,2024-01-02 15:13:34,2024-01-02 16:59:34,1373,40,Credit Card,None,175,25,0
665,C5854,R2284,2024-02-01 16:08:13,2024-02-01 16:44:13,1019,40,Credit Card,10%,56,30,0
666,C4177,R2515,2024-01-19 18:20:19,2024-01-19 18:57:19,609,40,Digital Wallet,50 off Promo,65,35,0
667,C8730,R2976,2024-01-05 15:58:02,2024-01-05 16:55:02,729,40,Digital Wallet,15% New User,178,32,0
668,C3180,R2098,2024-01-03 07:52:19,2024-01-03 09:06:19,1101,30,Credit Card,None,164,27,0
669,C5892,R2396,2024-01-12 21:41:34,2024-01-12 23:23:34,1196,0,Digital Wallet,5% on App,86,40,0
670,C8043,R2488,2024-01-12 19:41:58,2024-01-12 21:39:58,1405,30,Digital Wallet,10%,174,21,0
671,C1137,R2038,2024-02-01 19:01:06,2024-02-01 20:50:06,1015,40,Cash on Delivery,None,130,10,0
672,C7327,R2270,2024-02-01 01:57:47,2024-02-01 03:40:47,1483,30,Credit Card,50 off Promo,111,18,0
673,C4472,R2886,2024-01-18 08:34:58,2024-01-18 09:14:58,1133,40,Digital Wallet,10%,121,12,0
674,C6449,R2796,2024-01-14 23:29:46,2024-01-15 00:29:46,1334,50,Digital Wallet,15% New User,174,35,0
675,C3832,R2156,2024-01-02 01:43:21,2024-01-02 02:24:21,1958,0,Credit Card,10%,115,18,100
676,C4579,R2074,2024-02-06 18:08:04,2024-02-06 19:55:04,251,50,Cash on Delivery,10%,79,25,0
677,C6971,R2883,2024-01-08 06:44:45,2024-01-08 08:04:45,1128,20,Credit Card,15% New User,69,33,0
678,C5164,R2799,2024-01-23 16:25:25,2024-01-23 17:38:25,1318,30,Cash on Delivery,15% New User,131,23,0
679,C8941,R2129,2024-02-04 20:04:47,2024-02-04 21:23:47,1406,20,Credit Card,10%,156,12,100
680,C6569,R2686,2024-01-18 13:41:27,2024-01-18 14:27:27,563,30,Credit Card,15% New User,181,43,0
681,C5300,R2973,2024-01-20 18:49:35,2024-01-20 19:53:35,1236,50,Credit Card,None,86,42,0
682,C7269,R2083,2024-01-24 07:15:21,2024-01-24 07:45:21,370,40,Credit Card,15% New User,181,33,0
683,C4818,R2021,2024-01-22 17:32:21,2024-01-22 18:30:21,1286,40,Cash on Delivery,15% New User,126,18,0
684,C2906,R2458,2024-01-30 03:37:18,2024-01-30 04:57:18,559,30,Cash on Delivery,10%,138,22,50
685,C7254,R2538,2024-01-07 23:31:43,2024-01-08 01:04:43,204,40,Digital Wallet,None,195,11,0
686,C1760,R2706,2024-01-01 10:54:39,2024-01-01 11:27:39,1816,50,Credit Card,5% on App,137,16,0
687,C8830,R2848,2024-01-05 07:18:51,2024-01-05 09:14:51,1679,40,Cash on Delivery,5% on App,82,30,0
688,C8350,R2381,2024-01-24 00:46:08,2024-01-24 01:43:08,1405,50,Cash on Delivery,50 off Promo,107,28,150
689,C7238,R2747,2024-01-26 23:50:54,2024-01-27 00:35:54,1810,20,Cash on Delivery,15% New User,77,34,100
690,C7090,R2439,2024-01-13 20:13:59,2024-01-13 21:45:59,261,50,Credit Card,15% New User,84,31,0
691,C7031,R2603,2024-02-03 05:30:39,2024-02-03 07:15:39,450,0,Digital Wallet,None,174,20,100
692,C8687,R2988,2024-01-16 01:54:47,2024-01-16 03:16:47,533,0,Cash on Delivery,5% on App,187,42,0
693,C9472,R2020,2024-02-01 19:42:16,2024-02-01 21:36:16,951,0,Credit Card,50 off Promo,114,41,0
694,C2887,R2302,2024-01-21 03:04:40,2024-01-21 03:50:40,239,30,Cash on Delivery,None,91,30,0
695,C4266,R2975,2024-01-06 03:42:57,2024-01-06 04:51:57,1594,30,Cash on Delivery,15% New User,134,48,50
696,C1666,R2868,2024-01-18 19:21:50,2024-01-18 20:03:50,1255,30,Digital Wallet,5% on App,186,29,0
697,C5188,R2954,2024-01-31 06:44:01,2024-01-31 08:05:01,186,50,Cash on Delivery,50 off Promo,160,17,0
698,C1671,R2083,2024-02-02 21:53:06,2024-02-02 23:20:06,1811,30,Cash on Delivery,10%,64,46,0
699,C7777,R2773,2024-01-15 13:10:08,2024-01-15 14:16:08,282,20,Credit Card,5% on App,118,18,100
700,C8570,R2658,2024-01-27 09:06:43,2024-01-27 10:54:43,467,0,Credit Card,50 off Promo,154,34,150
701,C8956,R2952,2024-02-07 12:56:29,2024-02-07 14:41:29,228,50,Digital Wallet,None,199,34,0
702,C6124,R2452,2024-01-11 22:08:13,2024-01-11 23:38:13,1369,0,Credit Card,10%,113,42,100
703,C6585,R2386,2024-01-18 09:02:32,2024-01-18 10:50:32,1724,30,Credit Card,50 off Promo,90,11,50
704,C5777,R2506,2024-01-02 10:14:17,2024-01-02 11:17:17,1701,50,Digital Wallet,50 off Promo,120,28,0
705,C4900,R2256,2024-02-05 14:30:14,2024-02-05 16:09:14,769,40,Cash on Delivery,15% New User,105,29,100
706,C7677,R2569,2024-01-16 06:00:30,2024-01-16 06:46:30,1501,20,Digital Wallet,5% on App,200,50,0
707,C7981,R2891,2024-02-05 13:26:09,2024-02-05 14:15:09,248,30,Credit Card,15% New User,74,38,0
708,C7376,R2933,2024-01-12 14:39:31,2024-01-12 16:21:31,1084,30,Digital Wallet,10%,154,15,0
709,C1523,R2526,2024-02-04 23:03:54,2024-02-05 00:31:54,951,20,Cash on Delivery,50 off Promo,183,26,50
710,C3393,R2161,2024-01-24 18:26:47,2024-01-24 20:04:47,1556,20,Digital Wallet,15% New User,168,34,0
711,C3593,R2956,2024-02-03 13:45:37,2024-02-03 15:41:37,727,40,Credit Card,5% on App,58,47,0
712,C8240,R2162,2024-01-16 20:41:25,2024-01-16 21:43:25,1849,30,Credit Card,10%,109,13,0
713,C7937,R2831,2024-02-03 00:06:36,2024-02-03 01:53:36,1592,30,Digital Wallet,None,174,39,50
714,C7190,R2792,2024-01-20 10:57:56,2024-01-20 11:43:56,545,0,Cash on Delivery,15% New User,98,29,0
715,C6240,R2791,2024-01-19 15:45:35,2024-01-19 17:11:35,1604,50,Digital Wallet,10%,100,12,0
716,C7493,R2523,2024-01-02 07:23:10,2024-01-02 09:15:10,983,50,Cash on Delivery,None,119,32,0
717,C3878,R2785,2024-01-13 22:34:55,2024-01-13 23:04:55,393,0,Cash on Delivery,15% New User,86,27,0
718,C5143,R2270,2024-01-13 05:54:39,2024-01-13 06:36:39,1888,50,Digital Wallet,10%,80,35,0
719,C4644,R2491,2024-01-15 08:32:31,2024-01-15 09:28:31,1266,20,Cash on Delivery,10%,111,45,0
720,C5432,R2207,2024-01-12 08:44:43,2024-01-12 10:23:43,349,50,Credit Card,15% New User,142,17,150
721,C2276,R2538,2024-01-20 07:25:21,2024-01-20 08:53:21,977,50,Digital Wallet,10%,63,26,100
722,C6811,R2583,2024-01-09 06:07:06,2024-01-09 06:42:06,1047,0,Cash on Delivery,50 off Promo,128,40,100
723,C1302,R2059,2024-01-19 17:38:22,2024-01-19 18:30:22,1074,40,Credit Card,15% New User,57,46,0
724,C1638,R2429,2024-01-23 16:30:08,2024-01-23 17:09:08,1425,50,Digital Wallet,10%,85,42,100
725,C1055,R2984,2024-01-18 08:41:11,2024-01-18 10:01:11,1148,50,Credit Card,None,97,36,0
726,C9717,R2656,2024-01-01 07:26:46,2024-01-01 08:14:46,888,40,Credit Card,None,134,13,0
727,C9150,R2604,2024-01-15 04:10:48,2024-01-15 05:30:48,1083,0,Credit Card,50 off Promo,77,31,0
728,C3125,R2308,2024-01-05 19:23:04,2024-01-05 21:19:04,988,40,Cash on Delivery,15% New User,100,35,0
729,C1364,R2519,2024-01-01 19:28:39,2024-01-01 21:05:39,989,0,Digital Wallet,10%,153,41,0
730,C7809,R2590,2024-01-22 16:28:42,2024-01-22 18:21:42,169,20,Digital Wallet,10%,150,33,0
731,C5621,R2026,2024-01-15 06:42:21,2024-01-15 08:34:21,724,0,Cash on Delivery,None,78,44,100
732,C6126,R2685,2024-02-01 13:27:52,2024-02-01 14:38:52,974,20,Digital Wallet,50 off Promo,176,46,0
733,C6122,R2561,2024-01-30 17:16:33,2024-01-30 18:42:33,1235,20,Credit Card,None,131,41,0
734,C2646,R2198,2024-02-04 10:48:53,2024-02-04 12:25:53,1487,0,Digital Wallet,None,59,16,0
735,C1918,R2386,2024-01-18 14:06:43,2024-01-18 15:13:43,1426,30,Cash on Delivery,50 off Promo,155,42,0
736,C3797,R2348,2024-01-23 18:49:01,2024-01-23 20:20:01,570,0,Credit Card,15% New User,50,40,0
737,C7506,R2959,2024-01-29 23:44:19,2024-01-30 00:20:19,190,50,Cash on Delivery,10%,88,21,50
738,C6870,R2939,2024-01-21 06:19:00,2024-01-21 07:59:00,629,50,Credit Card,15% New User,70,20,0
739,C2531,R2692,2024-01-10 23:50:03,2024-01-11 01:09:03,760,30,Credit Card,5% on App,114,33,100
740,C9172,R2535,2024-01-11 04:25:03,2024-01-11 05:46:03,838,20,Digital Wallet,5% on App,64,17,50
741,C4345,R2827,2024-01-11 05:57:01,2024-01-11 06:52:01,825,30,Credit Card,5% on App,181,41,0
742,C8673,R2377,2024-01-01 23:21:20,2024-01-02 00:16:20,971,50,Cash on Delivery,50 off Promo,110,47,0
743,C7949,R2898,2024-01-16 01:29:27,2024-01-16 02:17:27,1786,30,Digital Wallet,None,197,31,0
744,C7882,R2915,2024-01-12 07:53:56,2024-01-12 08:31:56,291,0,Cash on Delivery,15% New User,187,43,0
745,C2906,R2557,2024-02-07 07:25:22,2024-02-07 08:55:22,1675,30,Credit Card,10%,136,28,0
746,C4086,R2526,2024-01-28 15:55:37,2024-01-28 16:44:37,1365,20,Cash on Delivery,5% on App,154,29,0
747,C9152,R2152,2024-01-26 17:06:39,2024-01-26 18:25:39,237,0,Cash on Delivery,15% New User,83,23,0
748,C6750,R2733,2024-01-26 15:53:01,2024-01-26 17:42:01,444,40,Credit Card,5% on App,173,42,0
749,C9905,R2205,2024-01-03 01:57:10,2024-01-03 03:47:10,1303,50,Digital Wallet,5% on App,159,19,0
750,C2062,R2454,2024-01-19 00:21:58,2024-01-19 01:12:58,1108,50,Cash on Delivery,10%,82,25,0
751,C2976,R2272,2024-01-31 18:38:03,2024-01-31 19:20:03,1835,30,Credit Card,50 off Promo,147,13,100
752,C2296,R2893,2024-01-04 13:01:34,2024-01-04 13:42:34,602,0,Digital Wallet,None,110,36,150
753,C7229,R2235,2024-01-15 07:28:17,2024-01-15 08:07:17,302,40,Digital Wallet,50 off Promo,59,37,0
754,C8641,R2851,2024-01-17 08:00:20,2024-01-17 09:34:20,672,0,Digital Wallet,15% New User,133,25,100
755,C1125,R2739,2024-01-08 21:50:04,2024-01-08 22:49:04,291,50,Cash on Delivery,50 off Promo,114,42,100
756,C5632,R2520,2024-01-18 21:47:41,2024-01-18 22:24:41,104,0,Cash on Delivery,15% New User,126,28,0
757,C7288,R2677,2024-01-29 18:14:44,2024-01-29 19:04:44,1360,40,Cash on Delivery,15% New User,50,30,0
758,C4596,R2943,2024-01-11 00:36:23,2024-01-11 01:27:23,1816,30,Digital Wallet,None,182,31,100
759,C7168,R2955,2024-01-08 05:01:33,2024-01-08 05:48:33,410,20,Cash on Delivery,10%,129,18,0
760,C8561,R2830,2024-01-10 17:52:45,2024-01-10 19:27:45,648,0,Credit Card,None,64,18,0
761,C9258,R2725,2024-01-04 23:45:10,2024-01-05 01:02:10,155,20,Cash on Delivery,50 off Promo,77,18,0
762,C1232,R2500,2024-01-08 07:42:23,2024-01-08 08:55:23,542,50,Cash on Delivery,15% New User,72,36,50
763,C7371,R2116,2024-02-03 08:28:58,2024-02-03 09:06:58,1360,30,Digital Wallet,5% on App,158,26,150
764,C5206,R2385,2024-02-05 23:38:39,2024-02-06 01:14:39,969,30,Cash on Delivery,5% on App,156,17,100
765,C8943,R2343,2024-01-06 05:19:17,2024-01-06 06:42:17,1984,0,Credit Card,15% New User,194,25,150
766,C7891,R2583,2024-01-13 19:23:01,2024-01-13 20:18:01,1320,30,Digital Wallet,None,162,27,0
767,C7738,R2394,2024-01-15 15:38:18,2024-01-15 17:32:18,684,0,Credit Card,10%,147,42,0
768,C3472,R2063,2024-01-25 13:02:19,2024-01-25 13:57:19,1694,0,Digital Wallet,None,190,10,50
769,C3739,R2716,2024-01-11 04:33:32,2024-01-11 05:36:32,851,20,Digital Wallet,15% New User,191,21,0
770,C6401,R2720,2024-01-21 06:54:04,2024-01-21 07:31:04,1637,30,Cash on Delivery,15% New User,188,15,0
771,C2761,R2071,2024-02-07 09:33:05,2024-02-07 10:12:05,1572,0,Credit Card,10%,77,50,50
772,C1876,R2788,2024-01-26 22:34:41,2024-01-26 23:51:41,459,20,Digital Wallet,50 off Promo,91,14,0
773,C4812,R2273,2024-02-06 04:11:00,2024-02-06 05:35:00,1823,40,Cash on Delivery,50 off Promo,148,25,0
774,C2460,R2989,2024-01-20 14:01:50,2024-01-20 15:24:50,918,20,Digital Wallet,10%,110,27,0
775,C2733,R2319,2024-01-04 16:17:55,2024-01-04 18:04:55,129,20,Digital Wallet,50 off Promo,172,27,0
776,C2605,R2337,2024-01-21 00:13:14,2024-01-21 01:22:14,1902,0,Digital Wallet,5% on App,113,10,0
777,C6622,R2365,2024-01-15 05:12:17,2024-01-15 05:56:17,207,50,Digital Wallet,50 off Promo,80,28,0
778,C7767,R2494,2024-01-31 20:34:38,2024-01-31 22:24:38,943,50,Digital Wallet,50 off Promo,130,17,0
779,C7986,R2606,2024-01-06 14:40:14,2024-01-06 15:27:14,1725,50,Digital Wallet,50 off Promo,59,12,0
780,C4517,R2165,2024-01-15 04:35:34,2024-01-15 05:27:34,816,20,Cash on Delivery,5% on App,57,34,0
781,C4735,R2543,2024-01-30 04:01:47,2024-01-30 05:32:47,990,0,Digital Wallet,50 off Promo,198,14,0
782,C9434,R2010,2024-01-19 20:57:48,2024-01-19 22:12:48,1059,30,Credit Card,5% on App,108,49,0
783,C3590,R2300,2024-01-17 10:19:01,2024-01-17 12:15:01,1568,20,Cash on Delivery,10%,79,28,0
784,C2063,R2728,2024-01-13 04:18:50,2024-01-13 05:26:50,992,20,Credit Card,None,194,27,100
785,C5324,R2800,2024-01-19 12:25:08,2024-01-19 13:09:08,1561,0,Digital Wallet,10%,69,40,0
786,C6342,R2101,2024-01-26 01:13:32,2024-01-26 02:35:32,831,40,Credit Card,None,97,42,0
787,C1005,R2424,2024-01-13 21:51:28,2024-01-13 23:48:28,705,20,Digital Wallet,10%,179,27,0
788,C8489,R2391,2024-01-28 05:50:47,2024-01-28 07:23:47,556,40,Digital Wallet,None,86,48,0
789,C9659,R2778,2024-01-31 10:35:46,2024-01-31 12:07:46,714,40,Cash on Delivery,None,178,25,150
790,C9195,R2213,2024-02-03 11:27:58,2024-02-03 13:16:58,1858,50,Cash on Delivery,15% New User,181,25,0
791,C6966,R2690,2024-01-23 23:08:37,2024-01-23 23:53:37,797,0,Digital Wallet,None,149,47,0
792,C9837,R2087,2024-01-29 06:41:22,2024-01-29 08:20:22,1819,40,Cash on Delivery,None,103,50,0
793,C1117,R2552,2024-01-11 01:12:54,2024-01-11 02:47:54,1618,0,Credit Card,15% New User,171,16,50
794,C3551,R2400,2024-01-21 07:39:08,2024-01-21 08:21:08,773,50,Cash on Delivery,50 off Promo,74,23,100
795,C6560,R2587,2024-01-01 08:15:25,2024-01-01 09:31:25,1370,0,Cash on Delivery,50 off Promo,180,34,150
796,C5289,R2888,2024-01-14 17:19:34,2024-01-14 17:57:34,642,20,Credit Card,15% New User,58,41,150
797,C1846,R2045,2024-01-02 05:02:35,2024-01-02 06:34:35,1687,40,Cash on Delivery,5% on App,83,47,0
798,C7316,R2671,2024-01-28 07:10:38,2024-01-28 08:13:38,956,0,Digital Wallet,None,92,31,100
799,C7469,R2462,2024-01-10 05:05:28,2024-01-10 06:55:28,1711,30,Credit Card,None,123,25,0
800,C9915,R2591,2024-01-19 20:35:11,2024-01-19 21:33:11,996,0,Digital Wallet,15% New User,143,38,0
801,C1224,R2309,2024-01-11 06:40:36,2024-01-11 07:46:36,1562,40,Credit Card,15% New User,71,25,0
802,C5208,R2085,2024-02-04 09:29:43,2024-02-04 10:41:43,377,50,Digital Wallet,5% on App,119,21,0
803,C7283,R2091,2024-01-31 19:39:21,2024-01-31 21:34:21,651,50,Digital Wallet,50 off Promo,179,26,0
804,C3048,R2659,2024-01-22 03:12:57,2024-01-22 04:45:57,1736,40,Cash on Delivery,10%,143,46,0
805,C7233,R2672,2024-01-27 23:17:35,2024-01-28 00:10:35,210,20,Digital Wallet,50 off Promo,81,36,0
806,C2828,R2713,2024-01-12 08:56:39,2024-01-12 10:36:39,484,20,Cash on Delivery,None,155,34,150
807,C2917,R2935,2024-01-30 02:03:44,2024-01-30 03:06:44,1956,50,Credit Card,15% New User,193,22,0
808,C5234,R2927,2024-01-25 21:51:39,2024-01-25 23:08:39,860,50,Digital Wallet,5% on App,50,17,50
809,C7988,R2241,2024-01-30 09:33:54,2024-01-30 10:14:54,1314,40,Digital Wallet,50 off Promo,121,14,100
810,C3026,R2864,2024-01-30 18:38:56,2024-01-30 19:30:56,1613,20,Credit Card,5% on App,99,21,0
811,C4744,R2001,2024-01-28 18:08:03,2024-01-28 19:56:03,793,50,Credit Card,50 off Promo,190,50,0
812,C1009,R2224,2024-01-28 02:33:11,2024-01-28 03:15:11,1549,20,Digital Wallet,None,64,12,0
813,C1260,R2800,2024-01-30 13:15:14,2024-01-30 15:11:14,504,50,Credit Card,10%,102,44,150
814,C7038,R2744,2024-01-07 07:40:15,2024-01-07 08:54:15,1458,0,Cash on Delivery,5% on App,57,42,50
815,C3219,R2972,2024-01-14 05:40:57,2024-01-14 07:14:57,1332,30,Credit Card,5% on App,123,31,0
816,C8041,R2925,2024-01-17 14:10:41,2024-01-17 15:26:41,121,0,Credit Card,10%,95,18,0
817,C3060,R2928,2024-01-19 23:48:40,2024-01-20 01:15:40,777,50,Digital Wallet,5% on App,118,50,150
818,C6287,R2588,2024-01-20 18:10:17,2024-01-20 18:44:17,710,30,Cash on Delivery,5% on App,163,27,50
819,C2619,R2115,2024-01-08 23:32:36,2024-01-09 01:18:36,1331,30,Credit Card,50 off Promo,196,38,50
820,C9512,R2665,2024-02-02 06:47:27,2024-02-02 07:21:27,107,50,Cash on Delivery,50 off Promo,172,48,0
821,C2342,R2917,2024-02-03 01:41:01,2024-02-03 03:10:01,801,50,Cash on Delivery,10%,188,36,50
822,C3832,R2102,2024-02-07 08:03:50,2024-02-07 08:53:50,1810,20,Cash on Delivery,None,166,45,0
823,C3824,R2193,2024-02-05 19:30:34,2024-02-05 20:23:34,1908,50,Digital Wallet,5% on App,92,26,0
824,C2994,R2165,2024-01-27 02:02:02,2024-01-27 02:49:02,628,40,Credit Card,None,69,43,0
825,C4490,R2870,2024-01-20 02:15:29,2024-01-20 03:05:29,701,50,Digital Wallet,10%,197,12,0
826,C8984,R2089,2024-01-13 22:04:31,2024-01-13 23:27:31,1776,40,Credit Card,10%,70,14,0
827,C2604,R2685,2024-01-30 06:17:48,2024-01-30 06:56:48,756,50,Credit Card,50 off Promo,131,23,0
828,C1235,R2121,2024-01-31 07:26:00,2024-01-31 08:19:00,265,20,Digital Wallet,5% on App,106,12,0
829,C2908,R2142,2024-01-26 15:06:27,2024-01-26 17:00:27,948,40,Cash on Delivery,15% New User,123,32,50
830,C9567,R2993,2024-02-05 20:59:15,2024-02-05 22:57:15,595,0,Cash on Delivery,10%,147,48,0
831,C4530,R2105,2024-01-18 05:44:53,2024-01-18 07:13:53,689,40,Credit Card,5% on App,159,39,0
832,C6256,R2886,2024-01-20 11:07:21,2024-01-20 12:33:21,528,20,Digital Wallet,None,164,32,0
833,C3635,R2427,2024-01-13 08:33:29,2024-01-13 09:25:29,873,40,Cash on Delivery,50 off Promo,91,36,0
834,C9162,R2304,2024-01-06 23:26:49,2024-01-07 00:17:49,262,50,Cash on Delivery,None,117,19,0
835,C3560,R2871,2024-01-08 17:02:45,2024-01-08 18:39:45,465,50,Credit Card,10%,119,34,0
836,C6415,R2970,2024-02-02 06:32:43,2024-02-02 07:35:43,1649,20,Credit Card,10%,127,22,50
837,C4391,R2316,2024-01-31 15:37:52,2024-01-31 17:16:52,1362,30,Digital Wallet,None,139,25,0
838,C6951,R2962,2024-01-15 09:18:05,2024-01-15 10:15:05,171,50,Credit Card,10%,160,50,0
839,C6468,R2634,2024-01-17 12:14:05,2024-01-17 13:22:05,1568,0,Cash on Delivery,5% on App,161,43,0
840,C9007,R2901,2024-01-26 22:49:28,2024-01-27 00:00:28,754,20,Cash on Delivery,10%,152,46,0
841,C7413,R2008,2024-01-04 06:20:17,2024-01-04 07:12:17,1945,40,Cash on Delivery,50 off Promo,194,31,100
842,C7941,R2773,2024-02-07 10:39:52,2024-02-07 12:18:52,1632,40,Cash on Delivery,5% on App,68,26,150
843,C5820,R2072,2024-02-02 00:51:31,2024-02-02 02:40:31,1918,0,Digital Wallet,15% New User,119,32,150
844,C3898,R2358,2024-02-07 18:24:10,2024-02-07 18:55:10,368,50,Digital Wallet,10%,112,45,0
845,C8546,R2222,2024-01-21 03:31:27,2024-01-21 04:24:27,1876,20,Credit Card,10%,124,18,0
846,C1077,R2415,2024-01-23 09:31:30,2024-01-23 10:17:30,514,0,Credit Card,50 off Promo,153,11,0
847,C8577,R2552,2024-01-09 14:59:42,2024-01-09 16:33:42,1368,50,Credit Card,50 off Promo,124,41,0
848,C5227,R2369,2024-01-30 10:51:49,2024-01-30 12:30:49,1115,20,Digital Wallet,None,177,31,0
849,C1600,R2715,2024-02-03 12:21:11,2024-02-03 13:59:11,774,40,Cash on Delivery,None,105,22,0
850,C2065,R2263,2024-01-05 19:49:38,2024-01-05 21:18:38,1183,20,Credit Card,None,71,17,0
851,C3136,R2839,2024-01-12 23:01:56,2024-01-13 00:20:56,105,30,Cash on Delivery,50 off Promo,138,10,0
852,C7943,R2689,2024-02-04 07:56:41,2024-02-04 08:37:41,1832,20,Credit Card,None,68,26,0
853,C8804,R2859,2024-01-08 05:32:51,2024-01-08 06:48:51,1081,30,Credit Card,None,75,21,0
854,C7565,R2317,2024-01-31 08:03:58,2024-01-31 09:39:58,669,20,Credit Card,15% New User,72,13,0
855,C6984,R2083,2024-01-19 07:34:20,2024-01-19 09:08:20,1940,30,Credit Card,None,96,22,50
856,C6142,R2317,2024-01-20 10:46:43,2024-01-20 11:42:43,506,40,Credit Card,10%,62,40,0
857,C5670,R2110,2024-01-07 06:43:21,2024-01-07 08:00:21,1340,50,Cash on Delivery,50 off Promo,115,50,0
858,C3190,R2250,2024-01-23 13:09:43,2024-01-23 15:06:43,125,30,Credit Card,5% on App,193,16,0
859,C3712,R2382,2024-01-21 11:48:05,2024-01-21 13:19:05,1938,30,Cash on Delivery,15% New User,122,32,0
860,C3192,R2006,2024-01-14 11:11:30,2024-01-14 12:24:30,1128,40,Digital Wallet,50 off Promo,126,33,0
861,C2248,R2458,2024-01-07 08:13:13,2024-01-07 09:01:13,1085,30,Credit Card,50 off Promo,80,14,0
862,C5033,R2083,2024-01-26 11:24:04,2024-01-26 12:52:04,1655,0,Cash on Delivery,10%,134,14,0
863,C2997,R2207,2024-01-16 04:39:03,2024-01-16 05:16:03,489,40,Digital Wallet,None,108,26,0
864,C4687,R2899,2024-02-01 17:24:54,2024-02-01 18:48:54,809,0,Digital Wallet,10%,90,39,50
865,C5018,R2389,2024-01-15 08:17:24,2024-01-15 09:33:24,670,40,Digital Wallet,None,161,18,150
866,C2970,R2313,2024-02-07 08:03:21,2024-02-07 08:34:21,1571,30,Cash on Delivery,None,145,15,0
867,C9389,R2021,2024-01-23 07:20:05,2024-01-23 08:28:05,853,0,Credit Card,50 off Promo,171,34,0
868,C6765,R2409,2024-01-02 04:56:35,2024-01-02 06:10:35,245,30,Credit Card,None,154,28,0
869,C2202,R2894,2024-02-02 13:42:19,2024-02-02 14:43:19,1511,40,Cash on Delivery,15% New User,123,25,150
870,C9135,R2514,2024-01-13 12:40:24,2024-01-13 14:14:24,884,30,Credit Card,15% New User,181,30,0
871,C6567,R2126,2024-01-11 19:08:03,2024-01-11 20:15:03,1372,0,Cash on Delivery,15% New User,148,11,0
872,C8667,R2808,2024-01-16 11:48:06,2024-01-16 13:34:06,625,0,Credit Card,50 off Promo,175,19,0
873,C6742,R2699,2024-01-12 21:10:30,2024-01-12 21:50:30,1585,30,Digital Wallet,10%,187,25,0
874,C6788,R2873,2024-01-26 01:27:31,2024-01-26 02:06:31,112,20,Credit Card,5% on App,124,46,100
875,C6408,R2013,2024-01-18 02:30:52,2024-01-18 03:58:52,1002,40,Cash on Delivery,None,63,24,0
876,C9669,R2970,2024-02-05 23:43:09,2024-02-06 01:42:09,483,40,Cash on Delivery,5% on App,87,22,100
877,C1922,R2977,2024-02-07 05:00:50,2024-02-07 06:24:50,655,30,Digital Wallet,10%,189,22,0
878,C1419,R2011,2024-01-20 21:47:03,2024-01-20 22:36:03,986,20,Cash on Delivery,10%,94,41,0
879,C3204,R2086,2024-01-31 21:45:08,2024-01-31 23:35:08,1522,0,Credit Card,50 off Promo,194,17,0
880,C2120,R2523,2024-01-06 15:04:35,2024-01-06 15:50:35,118,50,Credit Card,15% New User,124,27,0
881,C1950,R2908,2024-01-04 11:01:11,2024-01-04 12:38:11,674,50,Digital Wallet,15% New User,78,45,0
882,C3336,R2536,2024-01-14 09:34:15,2024-01-14 10:08:15,1614,30,Cash on Delivery,10%,67,35,0
883,C6373,R2300,2024-02-04 03:14:41,2024-02-04 04:43:41,850,20,Digital Wallet,50 off Promo,69,19,0
884,C3243,R2242,2024-02-06 14:15:57,2024-02-06 15:07:57,1103,20,Credit Card,50 off Promo,63,40,0
885,C3645,R2121,2024-01-15 23:42:09,2024-01-16 00:57:09,518,40,Digital Wallet,None,103,42,0
886,C5612,R2146,2024-01-29 23:43:14,2024-01-30 01:04:14,1460,0,Cash on Delivery,15% New User,80,38,150
887,C2865,R2566,2024-01-15 09:21:34,2024-01-15 10:00:34,518,20,Digital Wallet,10%,107,14,0
888,C7028,R2749,2024-01-24 10:58:03,2024-01-24 12:13:03,1735,50,Cash on Delivery,5% on App,153,22,0
889,C8326,R2355,2024-01-11 09:06:56,2024-01-11 10:03:56,1798,0,Cash on Delivery,15% New User,177,10,0
890,C7371,R2684,2024-02-07 04:57:34,2024-02-07 06:09:34,221,0,Credit Card,None,74,32,0
891,C7359,R2903,2024-01-28 22:46:42,2024-01-28 23:41:42,531,30,Credit Card,50 off Promo,68,49,0
892,C8863,R2732,2024-01-06 03:03:51,2024-01-06 04:27:51,143,20,Credit Card,10%,185,12,150
893,C4228,R2630,2024-01-13 14:57:48,2024-01-13 16:14:48,1995,30,Cash on Delivery,15% New User,52,12,100
894,C4719,R2308,2024-02-05 15:45:33,2024-02-05 16:43:33,1440,20,Digital Wallet,5% on App,135,16,0
895,C3371,R2694,2024-01-27 01:00:41,2024-01-27 01:56:41,480,40,Cash on Delivery,None,194,45,0
896,C3891,R2287,2024-02-02 07:06:13,2024-02-02 07:53:13,244,30,Credit Card,None,191,44,150
897,C4756,R2306,2024-01-27 07:09:18,2024-01-27 08:38:18,1450,30,Credit Card,15% New User,58,24,50
898,C5225,R2811,2024-02-03 04:21:19,2024-02-03 06:04:19,462,50,Digital Wallet,5% on App,143,49,0
899,C1094,R2593,2024-02-07 01:51:43,2024-02-07 03:29:43,1173,30,Credit Card,None,198,12,0
900,C3674,R2965,2024-01-21 15:58:36,2024-01-21 17:41:36,1188,20,Credit Card,10%,188,38,0
901,C7898,R2913,2024-01-16 05:36:29,2024-01-16 06:26:29,454,50,Credit Card,None,69,39,100
902,C1793,R2722,2024-01-04 08:49:58,2024-01-04 09:42:58,899,30,Digital Wallet,5% on App,84,48,0
903,C3116,R2661,2024-01-08 15:46:56,2024-01-08 16:18:56,1287,30,Cash on Delivery,50 off Promo,102,27,150
904,C6779,R2548,2024-01-22 03:47:02,2024-01-22 05:18:02,1264,40,Credit Card,50 off Promo,159,20,100
905,C7166,R2351,2024-01-26 03:43:28,2024-01-26 04:14:28,925,30,Digital Wallet,15% New User,185,47,0
906,C1814,R2311,2024-02-05 06:49:53,2024-02-05 08:24:53,1251,0,Credit Card,5% on App,53,49,0
907,C1345,R2872,2024-01-17 07:37:34,2024-01-17 08:48:34,497,50,Digital Wallet,None,151,10,0
908,C9554,R2058,2024-01-03 02:22:40,2024-01-03 03:25:40,979,0,Credit Card,None,96,38,150
909,C3443,R2642,2024-01-29 06:53:46,2024-01-29 08:04:46,562,50,Digital Wallet,50 off Promo,143,19,0
910,C8783,R2923,2024-01-30 02:43:39,2024-01-30 03:32:39,1874,40,Credit Card,50 off Promo,97,37,0
911,C1984,R2713,2024-01-16 11:41:46,2024-01-16 13:18:46,1959,30,Cash on Delivery,10%,140,40,0
912,C8790,R2754,2024-01-15 22:40:10,2024-01-15 23:54:10,907,30,Credit Card,50 off Promo,133,28,150
913,C1827,R2034,2024-01-11 19:21:28,2024-01-11 21:05:28,286,30,Digital Wallet,10%,117,12,0
914,C4531,R2444,2024-01-25 15:55:39,2024-01-25 17:06:39,1843,50,Credit Card,None,188,45,0
915,C8147,R2092,2024-01-31 14:11:01,2024-01-31 15:27:01,831,30,Cash on Delivery,10%,174,24,50
916,C5451,R2949,2024-02-01 05:50:24,2024-02-01 06:24:24,1313,0,Credit Card,10%,122,42,0
917,C4876,R2958,2024-01-18 09:06:24,2024-01-18 11:04:24,1511,30,Digital Wallet,15% New User,53,50,0
918,C6959,R2206,2024-01-22 15:10:59,2024-01-22 16:28:59,528,40,Digital Wallet,50 off Promo,125,35,0
919,C1126,R2352,2024-01-04 14:39:15,2024-01-04 15:45:15,957,0,Cash on Delivery,10%,122,25,0
920,C4177,R2902,2024-01-25 14:59:59,2024-01-25 16:02:59,1407,30,Digital Wallet,None,126,45,150
921,C9795,R2331,2024-01-26 18:06:38,2024-01-26 19:48:38,1987,30,Credit Card,5% on App,97,42,0
922,C7024,R2816,2024-01-09 13:21:30,2024-01-09 15:00:30,336,20,Credit Card,10%,151,29,150
923,C6109,R2861,2024-01-19 02:44:30,2024-01-19 03:31:30,1317,50,Credit Card,50 off Promo,155,22,0
924,C5146,R2724,2024-02-06 01:11:33,2024-02-06 02:58:33,1410,0,Digital Wallet,15% New User,126,42,50
925,C8196,R2158,2024-01-08 10:05:47,2024-01-08 10:53:47,870,20,Credit Card,None,88,14,50
926,C4368,R2953,2024-01-03 04:21:30,2024-01-03 06:08:30,857,40,Credit Card,15% New User,107,46,100
927,C4797,R2956,2024-02-06 05:13:10,2024-02-06 06:22:10,235,50,Credit Card,5% on App,68,23,0
928,C2792,R2023,2024-01-29 23:47:20,2024-01-30 00:33:20,891,0,Cash on Delivery,10%,137,36,0
929,C6732,R2403,2024-01-06 20:06:49,2024-01-06 21:35:49,1906,30,Digital Wallet,10%,162,32,0
930,C4476,R2804,2024-01-06 23:29:55,2024-01-07 00:40:55,270,0,Digital Wallet,50 off Promo,126,23,0
931,C4417,R2515,2024-01-08 16:21:29,2024-01-08 18:11:29,258,30,Digital Wallet,10%,126,49,0
932,C2645,R2731,2024-01-27 04:38:09,2024-01-27 06:19:09,300,50,Cash on Delivery,None,77,13,0
933,C4030,R2363,2024-01-13 16:17:06,2024-01-13 17:51:06,1610,30,Digital Wallet,5% on App,115,48,0
934,C3872,R2381,2024-01-03 19:35:06,2024-01-03 20:57:06,1680,40,Cash on Delivery,15% New User,59,28,0
935,C4072,R2531,2024-02-07 11:52:16,2024-02-07 12:28:16,1061,30,Cash on Delivery,5% on App,175,13,0
936,C2854,R2955,2024-02-01 22:21:49,2024-02-01 22:55:49,1899,40,Digital Wallet,10%,107,39,50
937,C5021,R2151,2024-01-27 22:08:53,2024-01-27 23:01:53,682,50,Credit Card,15% New User,191,28,0
938,C5662,R2561,2024-01-31 07:36:12,2024-01-31 08:33:12,1627,50,Credit Card,50 off Promo,174,40,0
939,C7514,R2688,2024-01-21 03:11:01,2024-01-21 04:42:01,975,0,Digital Wallet,5% on App,161,40,50
940,C6031,R2946,2024-01-25 21:17:04,2024-01-25 22:03:04,470,40,Digital Wallet,15% New User,133,18,100
941,C3708,R2607,2024-01-18 15:58:42,2024-01-18 16:47:42,202,40,Cash on Delivery,15% New User,192,22,0
942,C8112,R2616,2024-01-13 09:44:20,2024-01-13 10:16:20,1101,20,Digital Wallet,15% New User,145,23,0
943,C9393,R2419,2024-01-24 11:10:10,2024-01-24 12:16:10,1248,20,Cash on Delivery,None,82,19,0
944,C4507,R2249,2024-01-26 05:42:01,2024-01-26 07:41:01,1436,20,Digital Wallet,5% on App,194,40,0
945,C7456,R2116,2024-01-10 09:25:54,2024-01-10 10:09:54,1075,30,Credit Card,15% New User,190,46,0
946,C5212,R2865,2024-02-02 19:20:18,2024-02-02 20:40:18,897,20,Credit Card,5% on App,96,32,0
947,C8970,R2511,2024-01-07 19:05:00,2024-01-07 20:22:00,1581,40,Digital Wallet,15% New User,161,36,0
948,C9766,R2739,2024-01-28 13:35:32,2024-01-28 14:12:32,1353,30,Cash on Delivery,50 off Promo,193,15,0
949,C1536,R2577,2024-01-22 17:39:31,2024-01-22 18:21:31,757,50,Credit Card,50 off Promo,92,35,0
950,C2625,R2334,2024-01-31 07:51:48,2024-01-31 09:08:48,981,0,Cash on Delivery,50 off Promo,57,11,150
951,C8973,R2417,2024-01-09 21:38:17,2024-01-09 22:10:17,1320,20,Digital Wallet,10%,52,22,0
952,C9577,R2931,2024-01-28 04:35:16,2024-01-28 06:09:16,832,50,Digital Wallet,15% New User,174,28,0
953,C9070,R2773,2024-02-03 04:19:17,2024-02-03 06:01:17,522,40,Credit Card,10%,61,10,0
954,C9666,R2294,2024-01-16 11:22:01,2024-01-16 12:22:01,671,0,Digital Wallet,5% on App,133,49,150
955,C9609,R2937,2024-01-27 00:25:39,2024-01-27 01:20:39,1733,50,Credit Card,10%,65,41,0
956,C7490,R2754,2024-01-02 20:33:01,2024-01-02 22:23:01,270,0,Cash on Delivery,5% on App,127,31,0
957,C4600,R2370,2024-01-20 21:30:14,2024-01-20 22:55:14,1505,20,Credit Card,5% on App,108,38,0
958,C7783,R2185,2024-01-30 11:29:42,2024-01-30 12:32:42,272,40,Credit Card,5% on App,112,11,0
959,C5971,R2245,2024-01-19 06:19:29,2024-01-19 06:57:29,762,0,Cash on Delivery,10%,98,49,0
960,C2205,R2636,2024-01-11 11:08:18,2024-01-11 12:39:18,552,50,Credit Card,15% New User,100,47,0
961,C2990,R2267,2024-01-17 06:26:08,2024-01-17 07:08:08,449,20,Credit Card,10%,82,20,0
962,C6299,R2642,2024-01-01 19:08:40,2024-01-01 20:46:40,1757,20,Digital Wallet,15% New User,79,26,150
963,C4572,R2236,2024-01-10 14:34:11,2024-01-10 15:44:11,593,50,Cash on Delivery,15% New User,125,17,100
964,C6975,R2529,2024-02-01 19:06:16,2024-02-01 20:52:16,719,50,Credit Card,5% on App,64,31,0
965,C7320,R2551,2024-02-05 01:09:09,2024-02-05 01:39:09,1127,0,Cash on Delivery,10%,131,13,0
966,C5380,R2020,2024-01-31 12:55:09,2024-01-31 14:53:09,1216,30,Cash on Delivery,15% New User,141,20,100
967,C5757,R2910,2024-01-25 08:38:03,2024-01-25 09:54:03,1018,20,Credit Card,50 off Promo,72,17,0
968,C3713,R2736,2024-01-30 06:03:39,2024-01-30 06:36:39,105,0,Digital Wallet,15% New User,143,18,0
969,C6588,R2866,2024-01-20 19:27:52,2024-01-20 20:59:52,387,50,Cash on Delivery,50 off Promo,94,35,0
970,C1966,R2793,2024-01-20 19:27:26,2024-01-20 20:48:26,1741,0,Credit Card,10%,111,11,50
971,C5944,R2519,2024-02-07 04:28:03,2024-02-07 05:07:03,1269,50,Cash on Delivery,10%,64,25,0
972,C4432,R2099,2024-02-05 01:17:11,2024-02-05 02:14:11,1906,40,Digital Wallet,10%,95,40,0
973,C1688,R2751,2024-01-19 22:14:48,2024-01-19 22:49:48,1547,50,Digital Wallet,15% New User,113,15,150
974,C5243,R2477,2024-01-28 20:01:39,2024-01-28 20:57:39,707,50,Digital Wallet,None,124,30,0
975,C4701,R2598,2024-02-05 03:51:48,2024-02-05 04:32:48,556,50,Credit Card,15% New User,101,35,0
976,C9533,R2297,2024-01-30 18:12:45,2024-01-30 19:43:45,1864,30,Credit Card,15% New User,137,28,0
977,C6182,R2939,2024-01-26 19:20:55,2024-01-26 20:41:55,1325,50,Digital Wallet,5% on App,106,37,0
978,C7704,R2525,2024-01-21 14:02:19,2024-01-21 15:19:19,1335,20,Credit Card,5% on App,132,17,50
979,C5422,R2333,2024-02-02 06:59:53,2024-02-02 08:35:53,1129,20,Digital Wallet,15% New User,115,23,100
980,C2759,R2001,2024-01-08 16:41:57,2024-01-08 17:56:57,723,0,Credit Card,50 off Promo,199,33,0
981,C3482,R2374,2024-01-17 08:47:02,2024-01-17 10:30:02,475,30,Digital Wallet,5% on App,69,46,0
982,C9058,R2292,2024-01-12 00:30:46,2024-01-12 01:14:46,546,0,Cash on Delivery,15% New User,82,35,0
983,C1951,R2836,2024-01-01 05:27:55,2024-01-01 07:07:55,934,20,Digital Wallet,None,121,40,0
984,C9914,R2933,2024-01-01 20:33:17,2024-01-01 21:38:17,1229,20,Digital Wallet,50 off Promo,74,41,0
985,C3079,R2552,2024-01-26 23:40:39,2024-01-27 00:23:39,1774,40,Credit Card,10%,95,50,0
986,C3717,R2317,2024-01-12 04:46:01,2024-01-12 06:33:01,910,50,Credit Card,15% New User,122,11,150
987,C5524,R2501,2024-01-24 03:11:11,2024-01-24 03:43:11,1524,20,Credit Card,15% New User,147,34,0
988,C9477,R2827,2024-01-06 15:13:19,2024-01-06 16:49:19,1219,0,Credit Card,50 off Promo,106,11,0
989,C8311,R2380,2024-01-31 06:48:21,2024-01-31 08:43:21,1511,0,Credit Card,5% on App,136,10,0
990,C8186,R2622,2024-01-09 17:54:38,2024-01-09 18:42:38,1058,50,Credit Card,5% on App,182,45,0
991,C3065,R2013,2024-01-26 21:40:57,2024-01-26 23:25:57,1575,50,Cash on Delivery,5% on App,104,21,0
992,C1768,R2503,2024-01-04 03:00:40,2024-01-04 04:23:40,948,40,Digital Wallet,10%,110,18,0
993,C6490,R2230,2024-01-18 01:39:24,2024-01-18 03:17:24,908,30,Digital Wallet,50 off Promo,138,45,0
994,C7645,R2984,2024-01-28 21:10:29,2024-01-28 21:49:29,1078,0,Digital Wallet,50 off Promo,57,50,0
995,C6083,R2083,2024-01-07 13:14:48,2024-01-07 14:16:48,515,50,Cash on Delivery,5% on App,65,37,0
996,C6232,R2129,2024-01-14 05:57:00,2024-01-14 06:39:00,825,0,Digital Wallet,5% on App,165,47,50
997,C6797,R2742,2024-01-28 08:50:43,2024-01-28 10:10:43,1627,50,Cash on Delivery,None,110,42,0
998,C5926,R2837,2024-01-21 09:43:19,2024-01-21 10:44:19,553,20,Cash on Delivery,None,64,31,0
999,C7016,R2144,2024-01-30 22:23:38,2024-01-31 00:07:38,1414,0,Cash on Delivery,15% New User,199,34,0
1000,C4335,R2890,2024-01-08 14:46:43,2024-01-08 15:39:43,1657,20,Digital Wallet,15% New User,180,27,100
